text,label
你沒有輸入提示,1
甚麼都沒打,0
有，100分,0
"可以加一點點註解
排版要注意",1
作業未寫,1
完成題目要求，且有加上註解,1
作業正確,1
沒有完成作業,1
寫得很好,0
做得好！,0
有轉換成功，不過題目要求變數宣告要是 int (整數型態)，且不用再另外開一個 .java 檔，src 內已經有 Temperature.java,1
卡關了嗎?,0
寫得真好，變數名稱太帥拉,0
請不要交白卷,1
沒有變數哭了,1
空空如也,0
沒有完成,1
未輸出提示輸入字串,1
作業未完成,1
可以多注意排版,1
請寫完整程式碼,1
我從你空白的程式碼中看到了你的嚴謹、你一絲不苟、你的不屑與狂放不羈的性格，所以我向你獻上我最高的敬意   以及0分,0
"有料，好猛的攝氏溫度
",0
"pass
",0
作業完成,1
沒東西,1
可以加一點點註解,1
在最後增加scanner.close();會更好,1
scanner沒有close,1
"good
",0
BAD,0
很棒,0
讚讚,0
有達到要求,1
輸出用float之後導致輸出有小數點,1
在最後加上scanner.close();會更好,1
讚欸還有打中文,1
pass,0
尚未完成,0
"很棒
",0
看起來甚麼都沒打?,0
請繳交完整程式碼,1
讚,0
good!,0
"input.close();
變數名稱建議命名有意義的名字",1
讚讚連度C度F都有標,1
Nice!,0
你裡面是空的，沒有程式,1
做得好,0
"完美
",0
棒,0
scanner.close();,1
清楚明瞭,1
有個小問題，輸出是int型態,1
輸出文字未達要求，並且輸出型態為Int(應為Float、Double),1
未繳交,0
輸出要是整數，因為題目測試結果沒有小數點,1
沒有看到程式碼,1
"	
輸出要是整數，因為題目測試結果沒有小數點",1
符合題目要求,1
Wrong Answer: City.java第12行有錯誤。Main.java cityPopulation變數有錯誤,1
cityPopulation值不同有差嗎?,1
作業沒空寫?,0
中規中矩,0
中規中矩，附加了輸入方式,1
Without any code in.,1
Good Job!,0
都有達到老師題目的要求 很棒:D!!,1
沒有程式碼,1
Good Job.,0
程式碼清晰簡潔有力,1
不同於%.2f 反而用的Math.round 很酷又很棒!!,1
跟助教講解的不同，用了Math.round很特別,1
程式碼清晰簡潔有力，還有貼心的註解,1
寫了很多註解，很容易理解,1
在轉換人口裡面的變數盡量不要用m 可以換一個更能讓人一眼就明白的變數名稱 雖然題目沒有要求可以自己輸入城市和人口 但是你做出來了 很棒 但其實不用這麼多,1
跟助教不同，用了Math.round很獨特,1
"寫法不太一樣,值得學習",1
可,0
正確 符合要求,1
運行了都沒有看到輸出，研究你的程式好久才發現是需要我先輸入，先輸出提示讓執行者知道要輸出比較好歐，或是至少寫上註解讓人知道要輸入比較好，不過運行上是沒有問題的，讚讚,1
output有誤，數字打錯,1
符合規格，讚讚,1
有歸零 讚讚,1
還可以手動輸入城市和人口 非常棒,1
right,0
正確,0
可以加上註解會更容易理解 code,1
可以加上註解，這樣可以更清楚每一行 code 在做什麼,1
可以不用寫輸入，直接帶入資料即可,1
程式碼寫的很精簡，計算部分直接一行解決，很美觀，讚讚,1
"數學計算的部分，可以自行簡化，不然這樣寫一行解的意義就不見了
但整體來說還是很精簡，做的很棒",1
"一樣是一行解決的部分，可以再修改一些，不必要太多的運算出現
但整體寫的還是很棒、很精簡",1
非常棒,0
完成 很棒,0
看起來沒問題,0
有符合要求,1
可行 但不能隨意更改輸入資料,1
空的 但不確定是否為我這邊的問題,1
空的,0
無程式碼,1
程式碼簡潔整齊，讚讚,1
程式碼編寫整齊，讚,1
可以手動輸入 很棒 有達到要求,1
中規中矩，但輸出打錯字(還看得懂)pupulation->population,1
GOOD.,0
正確無誤，有註解更易解讀!,1
正確，可以增加註解能幫助更快速理解程式。,1
good，不過可以不用輸入,1
empty,0
你是不是忘了git push?,1
未完成,0
嚴謹 有歸零,1
There's nothing.,1
不過keyborad1忘了close喔,1
scanner忘了close,1
記得用空建構子(不用宣告任何東西)，其他都沒問題,1
"沒寫程式碼
",1
"沒有用random
",1
"可以，但縮排的部分，盡量同一
",1
完全正確,1
正確且當輸入錯誤會有提示,1
符合題目要求，程式碼可以再優化,1
符合題目要求，但程式碼有部分冗餘,1
程式符合題目的需求 讚讚,1
生成出來的樂透號碼沒有排序  而且下載下來中文會變亂碼,1
是抽出五個號碼不是六個喔,1
一片空白,0
中規中矩，細節拉滿,1
符合題目要求 但不知道為甚麼下載下來跑不動 我是複製貼上到新的IntelliJ才跑得動的,1
nice,0
中規中矩，但程式碼偏凌亂、複雜,1
interesting,0
可以統一大括號下放或是不下放，有時下放有時不下放看起來有點亂,1
有達到題目要求,1
隨機抽到的號碼沒有由小到大排序再印出,1
"lotteryNumbers是6，而不是5
當maxnumber==5時，應該要有輸出值",1
無任何程式碼,1
"我無法運作此程式，至少在我的電腦上不行。
當我輸入小於5的整數時，他能要我再輸入新的數，而當我輸入大於5他卻沒有印出結果。
我不是很肯定為甚麼無法運行，但在我的電腦上，你可以看到 App 的 else 裡面 ""int num[] = new int[5];""這行的 ""new int[5]"" 是灰色的。如果我沒記錯，這表示這個東西是未被使用的，所以我想，下一行應該未存取到你的隨機數字陣列。

在我觀察你的程式時還有一個小問題，你的輸出之間是沒有空格的，也就是說你的 num 之間會全部黏在一起，影響閱讀。",1
會出現重複的數字。(可能需要多試幾次才能看出此問題),1
利用Reduce the random range來抽出隨機數，獨特的寫法! 然而當範圍大時，會需要大量記憶體空間。,1
LotteryGenerator.java中的第五行: 「int lotteryNumbers = 5;」 應該依題目指示設為靜態常數(int)。,1
pass 有些空格分行可以稍微整理統一一下會比較整齊,1
Good!!!,0
"	
因為 LotteryGenerator中是while(this.maxNumber < this.lotteryNumbers)
因此lotteryNumbers要是5，當maxnumber==5時，才會有輸出值",1
有達到要求 但可以把樂透號碼輸出的[]用掉會更好 很棒,1
已修正靜態常數的錯誤!,1
"已修正出現重複的數字的問題!
然而，印出平均值(avg)時發生錯誤，重複印出了數值。",1
"中規中矩，但totalNumber使用者不知道這是啥阿~~
",1
中規中矩，但使用者會不知道為何要重新輸入，以及很多行的用意不明(未使用到),1
小數點後只會輸出00,1
符合題目所敘述 讚讚,1
還是 沒有 由小 排 到 大 !!!!!!!!!!!!!而且 下載下來中文都是亂碼,1
我是複製程式碼貼到新視窗跑 結果符合題目敘述 但不知道為什麼檔案直接下載下來不能跑,1
"沒有程式碼，沒寫作業的樣子
",1
"註解的縮排注意一下
",1
"不知道是用的版本太新的關係，那個IDEA我沒辦法跑
不過單從程式碼上看沒什麼太大的問題",1
lotteryNumbers=5不是6,1
中文提示字可以多一點 例如重新輸入,1
可以增加提示 例如重新輸入,1
可以讚,0
%n好像是多寫的，可以改掉一下,1
做的很棒,0
totalNumbers >= lotteryNumbers 應該都要可以生成號碼,1
平均值應該每一組獨立輸出,1
平均值計算錯誤,1
運算上沒有問題，但是輸出需要在最後全部一起輸出 (依照老師作業說明最後的輸出格式,1
裡面只有老師給的檔案，是沒push 上來嗎?,1
雖然有多餘的程式碼就是了,1
經測試只有第一組是正確的第二組後開始出現錯誤,1
有達到要求 very nice,1
組別跟平均只有第一組是對的,1
"平均值應該每一組獨立輸出
",1
"平均值計算錯誤
",1
"Good!
",0
正確無誤!,1
平均值輸出應為小數點後兩位(包括尾數為0時)，請見作業輸出範例。,1
平均值輸出應為小數點後兩位(包括小數點後第二位為0時)，請見作業輸出範例。,1
"空的
",0
getInfo沒有將此方法定義為 無法覆寫(override) 的方法。其他沒問題,1
寫得很好!!,0
沒做功課喔!!,0
可以加一點註解，注意程式碼要空行,1
程式碼區塊間可以有空行，這樣看起來會更整齊乾淨,1
感覺不要偷懶用HSR比較好,1
good，可以加上註解讓大家更好了解各個小區塊是實現什麼功能,1
應該只需要宣告 Railway 陣列，不須宣告其他類別的陣列,1
沒寫，全部空白。,0
Well!!!,0
輸出All conductor and passenger時 數字沒有對齊,1
沒寫作業,0
HighSpeedRail裡的calcPrice是回傳int不是double喔,1
符合題意 真的很棒:),1
請宣告一個railway類別的物件陣列,1
沒寫,0
HighSpeedRail 裡面沒有寫到getter&setter,1
"讚讚
",0
讚讚 不過子類別的成員變數記得加private,1
中規中矩，符合要求,1
HighSpeedRail & Train 的setter &getter沒寫到,1
沒有寫getter、setter,1
"對對對
",0
超強,0
"Exception in thread ""main"" java.util.InputMismatchException
        at java.base/java.util.Scanner.throwFor(Scanner.java:947)
        at java.base/java.util.Scanner.next(Scanner.java:1602)
        at java.base/java.util.Scanner.nextInt(Scanner.java:2267)
        at java.base/java.util.Scanner.nextInt(Scanner.java:2221)
        at Main.main(Main.java:31)
錯誤，你可能要改next();",1
Nice~~~,0
Good，有達成,0
"這檔案怪怪的?????
為什麼我打不開(IDEA左邊資料夾不會顯示)，而且嘗試很多次，不過單純打開資料夾程式碼我可以看得到
",1
一樣空的,0
有補上了GOOD,0
改的很棒,1
改得很棒,1
下次記得Input high speed rail conductorname: 用print就好，不需要println換行喔,1
有按照要求,1
中間可以分段一下ㄛ,1
pass!,0
paaaaaas~,0
未達到要求,1
程式無法執行，少了Transportation.java,1
我想你應該沒有 push 到檔案喔,1
完美,0
??,0
???,0
Main.java 中的 double price = scanner.nextInt 應修改為 double price = scanner.nextDouble,1
少一個Transportation,1
Way 記得轉成double，才不會出問題,1
你的Transportation沒有在裡面喔,1
"way 記得轉成double
",1
註解可以寫得更詳細一點,1
小數點輸出未處理完善，特定測資會出錯,1
(double)/(int)放在input road/way那一行比較好,1
中規中矩，做得符合作業要求,1
中規中矩，符合作業要求,1
"Input taxi driver:5
Input taxi price:5
Input taxi way:200
Input train driver:G
Input train price:3.3
Input train road:6
Input train driver:J
Input train price:5.5
Input train road:3

All driver and price:
5 1000.0
G 19.799999999999997
J 16.5

output 再加油",1
題目沒有說TAXI TRAIN TRANSPORTATION 要SETTER 請你修正!!!,1
題目沒有規定TAXI TRAIN TRANSPORTATION 要SETTER 請你好好的修正!!!,1
"for (int i = 0; i < railwayArray.length; i++) {
            Transportation railway;
            if (random.nextBoolean()) {
                System.out.print(""Input train driver: "");
                String driver = scanner.next();
                System.out.print(""Input train price: "");
                double price = scanner.nextInt();
                System.out.print(""Input train road: "");
                double road = scanner.nextDouble();

                railway = new Train(driver,price,road);
            }
            else {
                System.out.print(""Input taxi driver: "");
                String driver = scanner.next();
                System.out.print(""Input taxi price: "");
                double price = scanner.nextInt();
                System.out.print(""Input taxi way: "");
                int way = scanner.nextInt();

                railway = new Taxi(driver,price,way);

            }
            railwayArray[i] = railway;
        }
你的Train class 的price 的input 需是double型態，nextInt();=>nextDouble();",1
"Input taxi driver: K
Input taxi price: 5
Input taxi way: 20
Input train driver: L
Input train price: 2.3
Input train road: 6
Input train driver: I
Input train price: 6.6
Input train road: 3
All driver and price
K 100.0
L 13.799999999999999
I 19.799999999999997

output 再進行些微修改會更好",1
有提示輸入型態 讚,1
有詳細註解 讚,1
GOOOOOOOOOOOOD,0
PAAAAAAAAAAS,0
git 沒推好，transportation 不見了,1
"train 的計算怪怪的
Tom 50.7 24
再稍微注意一下",1
Taxi 跟 Train的Get沒做,1
沒改,0
"very good
",0
題目沒有說要SETTER 沒有更正作業,1
很棒 作業有更正了 超棒!!!,1
無Transportation.java,1
但是可以不用同時加入setter 和 getter喔,1
"getter 和 setter 可以不同實存在喔
",1
測試用輸出可以刪除,1
註解應更詳細，輸出時小數點沒有設定輸出位數,1
可以加上更詳細的註解,1
記得寫註解,1
這就是傳說中的無字天書嗎?,1
你的程式碼是要我火烤後才顯示嗎?,1
Great!!!,0
對,0
沒有push 到檔案喔,1
程式碼淺顯易懂,1
"主要問題: 作業要求是當使用者輸入錯誤時，只需重新入該項，而非三項都重新輸入

可改可不改的問題: 作業說明是在main 中 getSysGesture 來輸出，而不是在play 中直接輸出",1
空白 未寫,0
Yes,0
GOOD!!,0
寫得真高端,0
很棒 :D,0
寫得真完整,0
寫得很清楚 淺顯易懂 GOOD!,1
"你有初始化 enum value，所以 play 可以這樣寫：
if(user[i].getValue() != sysGesture[i].getValue()) {
                winCount += (user[i].getValue() > sysGesture[i].getValue() ? 1 : -1);
            }",1
sysGesture是不用建Setter的喔,1
"(選擇性修正)遺漏輸出: ---All system gestures---
(選擇性修正)System gestures 輸出不是小寫(提示: .toLowerCase())",1
可以，多做蠻多功能的,1
中規中矩有符合題目要求,1
ok中規中矩的完成了,1
比賽結果判斷不對。輸出在錯誤的地方。,1
比賽判斷錯誤，沒有在正確的檔案中輸出。,1
PAASSSS,0
超棒!!!!!:)，很認真。,0
"scissors
scissors
scissors
---ALL system gestures---
STONE
PAPER
PAPER
Game tie
你的win跟lose 沒有+1
你的條件判斷是有問題
public String play(Gesture[] user) {
        int win = 0, lose = 0;
        for (int i = 0; i < 3; i++) {
            sysGesture[i] = generateGestureByRandom();
            if (user[i].equals(""scissors"")) {
                if (sysGesture[i].equals(""PAPER"")) {
                    win += 1;
                }
                if (sysGesture[i].equals(""STONE"")) {
                    lose += 1;
                }
                if (sysGesture[i].equals(""SCISSORS"")) {
                    //win = win;
                    //lose = lose;
                }
            } else if (user[i].equals(""paper"")) {
                if (sysGesture[i].equals(""STONE"")) {
                    win += 1;
                }
                if (sysGesture[i].equals(""SCISSORS"")) {
                    lose += 1;
                }
                if (sysGesture[i].equals(""PAPER"")) {
                    win = win;
                    lose = lose;
                }
            }else if (user[i].equals(""stone"")) {
                if (sysGesture[i].equals(""SCISSORS"")) {
                    win += 1;
                }
                if (sysGesture[i].equals(""PAPER"")) {
                    lose += 1;
                }
                if (sysGesture[i].equals(""STONE"")) {
                    win = win;
                    lose = lose;
                }
            }
        }
你應該是用使用者輸入去判斷win and lose 的條件，加油。",1
空白,0
可以可以很棒!,0
可以超棒的!，輸出符合,1
可以，NotLucky~,0
很棒:D,0
正確 符合題目要求,1
EXCELLENT !!!,0
Setter沒刪掉,1
"讚
",0
Nice!!!,0
程式碼應加上註解,1
全部檔案完全空白，似乎沒有push上來,1
完全空白,0
正確無誤,1
非常棒，符合要求,1
非常非常棒，符合題目要求,1
非常非常棒棒棒，有符合題目的要求輸出,1
"記得加上註
",0
"記得加上註
輸出文字應更加清楚",1
符合要求，但懷疑有chat gxx打code行為,1
Main的instanceof那邊可以打else就好,1
GOOD!! 註解很詳細 連GETTER都有註解很棒,1
Nice~,0
Good~,0
"CCC[i].getClass().getTypeName() == ""MobilePhone""可以用CCC[i] instanceof MobilePhone代替",1
很棒 符合題目敘述 但是變數名稱可以取更淺顯易懂一點:D,1
Great!,0
可以用print就好不用printf,1
沒有寫作業,1
GOOD,0
主要邏輯都沒問題，但建議修改輸出 phone brand 的部分，使和題目一樣喔,1
正確 有註解 很詳細 讚,1
"有小錯誤。
在ThreeCProduct.java中，turnOff()應依題目印出""3C shut down""而非""3C power off""。",1
作業忘記寫了,0
符合題目，很棒!,1
有符合，很棒！！！,0
很棒有符合條件!!,1
有達到標準,1
GOODDDDD!!!,0
記得加上註解,1
應加上更詳細註解，且輸出可以更加完整,1
作業未上傳,1
比對時請忽略大小寫。,1
很棒可以用equalIgnore,1
很棒，完美!,0
Good Perferct!,0
寫得真好，有用到ignore,1
GOOD!!註解寫得非常清楚,1
寫得真好，註解清晰,1
符合題目敘述 很棒,1
雖然符合題目要求 但是你的grades沒有getter 請補上,1
達成題目所需要的內容了 甚至可以自行輸入名字和學號 讚,1
題目無要求須輸入學生姓名與ID,1
Great!!!!!!,0
很清楚 詳細,1
尚未繳交檔案,1
超棒的!!!，然後equal可以用ignore的,1
超級棒，做到需要的步驟，讚!,1
很棒，不過//可以刪掉一些，然後沒有輸出錯誤的名字,1
"Great!
",0
Perfect!,0
並未在grade(HashMap)的setter(getGrades)改寫為儲存以及將String轉成大寫的功能。,1
很棒 中規中矩,1
很棒 符合題目要求 有改正,1
"YJK, good!",0
0,0
只看到註解，沒有code?,1
是，很棒,0
阿你程式碼呢,0
是，很棒！,0
你好棒,0
沒有印出東西,1
很好,0
讚,0
空白喔0w0,0
是，超棒的~,0
muy bien,0
"Hello bro
hola bro muy bien la",0
nice,0
"""Hello World!"" not ""hello world"" ",1
否,0
沒有hello world,1
無,0
是,0
yes,0
未完成作業,0
連印出Hello World! 都沒辦法,1
Nothing changed,0
是的,0
"似乎沒有耶......？我這邊沒看到QAQ
",0
棒,0
你寫的超棒~,0
有完成作業,1
很棒,0
是的~~,0
可,0
有,0
你寫的很棒~,0
good,0
no,0
是，做得好,0
Hello world 沒有打驚嘆號,1
要print出 Hello World!,1
有欸你好棒,0
要記得print出Hello World喔><,1
是的~,0
很棒喔,0
可印出Hello Word!,1
"有符合題目要求print出""Hello World!""",1
有符合~,0
是。做得好java人。,0
"否，沒有加"" ! ""。",1
Y,0
符合題目要求,1
是，正確的達到了要求。,1
"是，正確的印出了""Hello World!""。",1
符合要求,1
有印出Hello World,1
有印出來，很好,1
是 達到標準,1
是，非常完美,0
有印出Hello World!，讚。,1
少一個驚嘆號，下一次注意一點,1
有印出Hello World! 讚,1
否，程式碼編譯失敗,1
有印出Hello World!字樣,1
"是, what a fucking good code!",0
很棒。,0
可以印出Hello World!字樣,1
輸出小問題，!太多了,1
沒完成,0
有，很棒。,0
輸出符合題目要求,1
未完成輸出,0
Pass,0
"是, what a fucking good code",0
沒有符合,0
很讚,0
很不錯哦,0
有符合 讚讚,0
有！簡潔明瞭！,0
有欸！,0
印出Hello World!  少印出了!,1
優秀,0
"System.out.println(""Hello World"");",1
無法執行,1
"沒有印到""!""",1
有阿,0
印不出來喔，System.out.println的S要大寫,1
太神啦,0
有達成要求,0
"是,但Hello World加個空格會更好看",1
"是,完全符合助教要求",1
"是,但如果加上'!'會更好",1
沒有打程式,1
4,0
有的,0
印不出來，System 的 S 要大寫,1
gd,0
OK,0
很棒 有印出Hello World!,1
讚 有印出Hello World!,1
Good 有印出Hello World!,1
是。,0
有達到題目要求,1
有印出Hello World!,1
G,0
有符合題目要求,1
有符合要求,1
有印出來，讚!,0
有印出要求，讚,1
有印出要求!讚,1
很棒！,0
有的，輸出很完美,0
非常完美，沒有可以挑剔的,0
完美,0
是，有完成,0
有完成,0
讚喔,0
是，輸出符合題目要求,1
"縮進符寫錯了，應該改成tab size:2, indent:2, continuation indent:4
",1
"縮進符寫錯了，應該改成tab size:2, indent:2, continuation indent:4",1
你寫得很棒喲!,0
做得好，不像我忘記訂正的java人,0
沒有像我忘記訂正，做得好java人,0
讚讚有符合,0
GREAT!,0
是，讚喔,0
依舊沒寫,0
Hello World! not hello world,1
沒有印出HelloWord呢,1
對的~,0
符合符合~,0
沒有寫任何東西,1
是 達到題目需求,1
沒有達到題目要求,1
Good Job!,0
很整齊,0
超乾淨,0
水喔,0
是 ，整齊，但tab不符合規範,1
整齊,0
我覺得可以,0
是，很整齊,0
有整齊 方便閱讀,1
是，乾淨,0
連寫都沒寫，沒有排版可言,1
世,0
是的喔！,0
整齊但tab沒有照規定,1
下次跟標準,0
式,0
記得要排版,1
有整齊，方便閱讀,1
完全沒問題，是好看的！,0
有排版,0
否，未按照規則排版,1
有整齊，好閱讀,1
要打上註解,1
記得要先用checkstyle檢查,1
版面好漂亮><,0
ㄜ...畢竟你沒變動到原始code(?,0
沒縮到排喔~,1
蘇胡,0
下面TAB的地方要記得改成 2 spaces~,1
排版整齊,1
是，排版整齊。,1
縮排記得符合規範,1
否，縮排要用兩個空格而非tab。,1
輸出那邊沒有縮排到喔,1
是，排版符合規定。,1
排版整齊，但不符合Google Checks的設定,1
整齊，但是tab沒設定好,1
google表示不喜歡你的排版,0
不錯,0
乾淨整齊,0
整齊簡單,0
整齊，但是縮排空格沒有依照老師的去做,1
"是，很乾淨
",0
非常整齊，格式也正確,1
是，整齊乾淨,0
是，排版整齊,1
整齊且乾淨,0
排版非常整齊,1
乾淨舒服。,0
否，排版未依照google規範,1
ya,0
是，很好。,0
排版未符合google規範，用點天賜的智力,1
排版整齊但不符合google checkstyle規範,1
非常整齊,0
縮排是2格Space，不是4格Space,1
有符合 很棒,0
要排版哦(用CheckStyle檢查看看),1
很整齊但不符合規定 我自己也沒有弄...,1
很整齊 但沒有符合規定,1
有！你好猛！是我第一個評到有按照規定排版的！,0
"是
",0
"排版不太整齊喔
",1
整齊，但縮排有誤,1
跟我家一樣整齊,0
太整齊了吧,0
大致上沒有問題,0
外觀看起來滿棒 但checkstyle說縮排不行,1
"是,簡潔明瞭",0
"是,且使用google check只有缺少了Java Doc而已",1
"是,且使用google checks也完全沒有問題 超厲害",1
整齊，但縮排可以更符合google規範,1
沒有符合 google style,1
沒有符合google style,1
是，但不符標準,1
不符合規定,1
空格要空正確喔,1
Perfect,0
縮排設定好像還沒設定好(右下角的2 SPACE)，但有符合224的縮排規定,1
很棒 排版很整齊,1
讚 排版很整齊,1
Good 有整齊,0
是，排版非常整齊。,1
整齊，但不符合checkstyle google check 規範,1
整齊，Checkstyle也說讚,1
排版整齊乾淨,1
不太整齊，例:public兩個大括號應該要統一,1
輸出那邊沒有縮排到,1
是，已完成更正,1
"整齊，但不符合Google規範
TAB須改用space*2",1
"不符合Google 規定，
tab須改用 double space",1
一行，非常整齊簡潔,1
乾淨整齊，用google check檢查沒有問題,1
乾淨整齊，google check檢查沒有問題,1
整齊，google checks檢查沒問題,1
很精簡，一行,0
很整齊但不符合Google Checkstyle,1
整齊但不符合Google Checkstyle,1
"沒有使用space，應使用tab
",1
應使用space取代tab,1
9 - 15行應使用space,1
整齊，但是其中格式是錯誤的應該要空兩隔的，變成四格,1
排的很好，沒有缺點,1
整齊，方便閱讀,1
有整齊,0
不整齊喔,0
是 非常整齊,0
class的Java Doc排版不整齊,1
厲害,0
是，但排版沒有照規定,1
排版整齊，讚讚,1
空格要注意,1
"有
",0
排版整齊，但還是不符合Google Checks之規定,1
空格要用space不是tab喔~,1
這堂課要用space不是tab喔~,1
是 排版整齊,1
無達到排版整齊要求,1
1,0
不要睡覺,0
讚啦,0
此次沒有變數命名,1
本次無變數使用,1
沒錯,0
這次不需要來著,0
這次似乎好像不需要？,0
這次似乎不需要？,0
本次作業無需使用變數的部分,1
本題不需用到變數,1
是。畢竟這次沒變數。,0
是，變數符合規定。,0
是，變數宣告正確。,1
是，變數宣告符合規定。,1
是，完全沒有問題,0
是。畢竟沒變數。,1
符合標準,1
是，符合標準,1
符合標準，很好,1
yeah,0
變數命名符合標準,1
變數命名符合規範,1
yse,0
很符合,0
有！畢竟沒有變數(?,1
有欸！雖然沒有變數XD,1
"是


",0
無變數,1
符合,0
Excellent,0
此次沒有變數,1
無變數需命名,1
非常好,0
是!,0
非常完美,0
超棒,0
這次不用印變數,1
這題不需要,0
目前這題不用,0
是 變數命名符合標準,1
不符合變數命名要求,1
?,0
有哩！,0
超強,0
有符合！,0
是。畢竟這次沒類別。,1
是，類別命名符合規定。,1
是，類別命名正確。,1
是。畢竟沒類別。,1
有符合,0
有照規則命名,1
類別命名符合標準,1
類別命名符合規範,1
撰寫標準,0
有！,0
優質,0
有的，太棒了!,0
無類別,1
Great,0
NICE喔,0
讚 有符合,0
無類別需命名,1
太厲害了,0
是，符合,0
非常棒,0
100分,0
完美~,0
符合喔,0
這題用不到~,0
符合命名標準,1
是 符合標準,1
不符合要求,1
是，很好,0
棒棒搭~,0
真標準,0
有的有的~符合,0
.good,0
是的是的！,0
是。畢竟這次沒命名。,1
是，方法命名符合規定。,1
是，方法命名正確。,1
是。畢竟沒命名。,1
方法命名符合標準,1
方法命名符合規範,1
命名方式正確,1
很不錯,0
棒ㄟ,0
這個也有！,0
"是

",0
太強了,0
有，太強了!,0
無方法,1
"缺句點
@param應有一個空行",1
Awesome,0
聰明!,0
無方法需命名,1
超過100分,0
目前不用,1
好像用不到，目前,1
這題好像不需要,1
是 達到撰寫標準,1
不符合命名要求,1
沒有打JavaDoc喔,1
沒有打Java Doc,1
沒有輸入Java Doc,1
否，沒有輸入javadoc,1
沒有打JavaDoc,1
沒有Java Doc,1
"no java.doc
",1
沒有JavaDoc,1
沒有打 javaDoc,1
沒有寫JavaDoc,1
市,0
沒有寫,1
太趕了，我懂,0
下次加一下,0
main class 上沒有 java doc,1
要寫註解喔~,1
你有記得ㄟQAQ，我沒有，太趕了，你真棒XD,0
JavaDoc沒有打完整,1
忘記打註解了,1
缺了些東西 不過還行,0
沒有打JavaDoc喔!,1
bad,0
否，並沒有輸入Java Doc,1
記得要寫註解~,1
程式碼一清二楚好棒>///<,1
要記得寫JavaDoc喔~~,1
你有記得耶QAQ，我忘了，你好棒！,0
要記得寫JavaDoc喔><,1
沒有使用註解!,1
沒有附上註解,1
沒有使用到註解!,1
符合，註解可以打上跟程式碼相關的說明,1
否，沒有JavaDoc。,1
沒寫,0
符合JavaDoc規範,1
JavaDoc沒有打,1
少了JavaDoc,1
沒寫java doc,1
是，有JavaDoc且符合規定。,1
缺少Javadoc,1
你沒有寫到，下次記得,1
google表示不喜歡你的註解,1
讚讚,0
"沒有加javaDoc
",1
排版很整齊！,1
加油,0
下次記得寫註解,1
並沒有,0
清楚可以理解。 (This is the demo of handing HW 結尾好像少了 . ),1
下次注意要記得寫,1
是，超棒,0
不符合,0
有寫出JavaDoc,1
沒有註解,1
開頭和內部缺少Javadoc,1
你的註解被鯊魚吃了逆?,0
小小的未符合,0
沒有寫Java Doc註解,1
沒有撰寫JavaDoc,1
no java.doc,1
註解未用JavaDoc,1
缺少Java Doc,1
JavaDoc的第一句缺少句點,1
少一個註解，另外有寫的註解少一個*,1
要記得加上JavaDoc~~,1
太厲害了，竟然有記得加上去,0
"main函式的註解少了""傳入參數的說明""",1
沒有寫Java doc 那麼短的時間哪夠寫QQ,1
沒有寫QQ,0
來不及寫對不對QQ記得補上！,0
"沒有用到javaDoc
",1
沒辦法執行喔,1
沒java document,1
沒有JavaDoc，太壞了吧,1
居然有寫,0
沒有,0
JavaDoc打完要句點，跟你被句點一樣.,1
沒有 記得加喔~~,0
檔案內沒有 JavaDoc,1
可以去看助教講義第41頁,1
"否,沒有寫JavaDoc",1
"是,完全符合 詳細好理解",1
沒有符合JavaDoc規範,1
不符合JavaDoc ，可以去看助教第41頁,1
未寫,0
要用styel check來檢查,1
Dynamite,0
JavaDoc打完要句點，跟你被句點一樣,1
還是沒有補上註解喔~,1
OH YEAH!,0
很棒 註解都符合規範,1
讚 註解都符合規範,1
Good 註解有符合規範 內容可以改成跟程式碼相關的註解說明,1
main 的 JavaDoc 沒有解釋 String[] args 。,1
符合javadoc,1
你少打JavaDoc了喔,1
每個public都要有JavaDoc,1
JavaDoc不完整，還有漏掉的東西沒有寫,1
詳細的註解,1
uncompleted,0
註解清楚,1
"上面的Javadoc似乎想打雙引號 "" "" ，但你打成 : "" 了喔。",1
程式內無JavaDoc,1
很神奇地合乎規格...,0
很好 good,0
符合! 讚,0
是! 讚,0
意外的合乎規範 或許下次可以加個 @param,1
沒有寫Java Doc,1
每個class皆沒有寫JavaDoc,1
下次要記得寫，main與程式都要各一個,1
非常完美，沒有可以挑剔的，寫得很完整,1
寫得很好,0
撰寫的讓人容易理解,1
撰寫得容易理解,1
沒問題,0
記得寫Javadoc,1
沒有寫喔,0
註解符合Java Doc規範，也滿清楚的,1
註解有解釋清楚,1
main method 的 Java Doc 缺少輸入變數解釋,1
要寫JavaDoc喔><,1
請使用space代替tab,1
優,0
main 上面的註解少了 @param args,1
沒javadoc,1
"JavaDoc不完整，還有漏掉的東西沒有寫
可以對照物件導向設計實習- 4 的第41頁",1
有寫JavaDoc，讚讚,1
有補上JavaDoc了，讚讚,1
沒有加註解,1
還是沒有javadoc,1
還是缺少Javadoc,1
給過 太狠了,0
"HelloWorld 下面要加一下註解 
/**
*
*@param args (這裡加變數說明)
*/",1
否，缺少Javadco,1
目前最棒的一個！,0
有的~,0
是 達到符合javadoc標準,1
是 符合javadoc標準,1
不符合JAVADOC要求,1
全部都有完整完成,1
是，很完整,0
作業未完成,1
Java file outside of source root,1
是，寫得很棒~,0
code完全空白，未完成作業!,1
執行結果有符合題目要求，但變數過多，題目只要求三個,1
是，變數也無過多情況,1
執行解果符合，但變數設置太多,1
"第一題輸出為 “Hello ANDY !” ， """"上下引號需補上",1
"要印出“Hello ANDY !” ，不是""HELLO ANDY""
還有多了一個string.java的檔案",1
很棒 (但第一題的 ! 前少一個空格),1
要印出“Hello ANDY !”，不是HelloANDY!,1
"第一題 ! 前的空格""可能""要印出來
第二題的第18行改用""split""把句子分成一堆單字存在陣列中，再印出陣列中的該目標，或許會比較符合題目要求",1
有 排版很漂亮,0
有喔,0
什麼內容都沒有,1
沒有內容,1
第一題沒有輸出,1
是，做得好java人,0
"題目要求為： ""Hello ANDY !""
你的輸出為： ""Hello ANDY""",1
第二題的index of last 'n' : 為59、以及Computer少一個r,1
"是，非常遺憾的我的眼睛不好，剛好沒注意到你的""Hello ANDY!""驚嘆號前忘記加空格了。
但我也是真不知道這有沒有必要改對還是錯，有異議就去問老師，我不是老師我不會改。",1
沒有完成,1
是，很棒喔,0
沒有印東西出來喔,1
完全符合,0
完全符合要求,1
完全符合，讚讚~,0
完全正確!很棒!!!!!!!!,0
"第一個作業是要輸出 ""Hello ANDY!""  少輸出了 "" """,1
"第一題：要輸出""Hello ANDY !""，不是Hello ANDY !
第二題：先印出index of last 'n': 59，再印出Computer，順序反了",1
是的，符合預期,0
第一題少了空格,1
goooooood,0
符合 Good,0
完美!,0
第一個無法執行 第二個是空的,1
Perfect !!!,0
"第一題的輸出左右要加 "" "" ",1
Good 都有符合題目要求,1
Good 都符合題目要求,1
有達到要求,1
有達到，寫得很好,0
greet的hello不需換成大寫,1
兩個檔案皆沒有達到題目要求,1
是，有符合題目要求,1
輸出正確,1
"輸出少了“”
",1
都有符合題目要求,1
第一題題目只要求宣告一個變數,1
全都符合題目要求,1
ANDY!後面要加空白,1
第1題的輸出是“Hello ANDY !”不是Hello ANDY !,1
是，你超棒！,0
是，你超棒！感覺是學過 java 的人,0
是的，你超棒！,0
有符合，讚讚,0
讚！,0
有的～,0
要記得寫作業喔><,0
超級棒!!連空格那些都有符合要求,1
"第一題沒有""　！＂
第二題甚至空白＝＝",1
有印出要求字串,1
"Greet:輸出不符合標準
StringOperation:index of last 'n'輸出多一個空格 ",1
"Output need to be quoted by """"",1
Greet.java : spacebar is between ANDY and !,1
StringOperation.java的length打成lenth了,1
"是,非常棒",0
是 非常棒,0
多一個檔案,1
有達到,0
第一題是要印 “Hello ANDY !”,1
有符合題目的輸出要求,1
符合題目的輸出要求,1
第二題第二小題顯示字串長度59的前面沒有依據題目要求有一個空格哦,1
執行結果符合，但變數設置過多,1
執行結果符合，但變數個數未達到要求,1
執行結果皆符合，但Greet變數未符合,1
"以下為你的 第二題 輸出：
Hello 
""Class""
14;9;true;true
HeLLo 
""CLass""",1
"1. 你的輸出為""Hello ANDY"", 題目為""Hello ANDY !""",1
SringOperation.java的檔案上傳成課堂上練習的東西了。,1
"""""上下引號未補上",1
否 不能跑程式,1
否，程式無法跑,1
是的，符合題目要求,1
沒有符合題目要求，內容空白,1
完全符合題目要求,1
Perfect !,0
完美 !!!,0
GOOD!,0
是，輸出結果符合題目要求,1
是，題目輸出符合要求,1
是，輸出結果符合標準,1
是 有完成,0
完成的不錯,0
Greet的輸出要在ANDY後面加上一個空格和驚嘆號,1
是的，符合,0
符合！,0
是的，超棒！,0
有印出指定字串,1
問題已修正,1
好棒,0
強喔,0
是，有完成，很棒！,0
符合，很棒,0
符合，寫得很好,0
很棒 都有符合要求,1
很棒 都有符合題目要求,1
"第一題的Hello ANDY還是沒有改成“Hello ANDY !”
第二題的題目是拆解sentence為單字並在console印出""Computer""，並非使用BOOLEAN來對照是否相同，應該使用SPLIT",1
第一題“Hello ANDY !”  但你的是HelloANDY!,1
是的!,0
是的!讚喔,0
"第一題：要輸出""Hello ANDY !""，不是Hello ANDY ! 
第二題：先印出index of last 'n': 59，再印出Computer，順序反了",1
還是讚,0
greet檔的“Hello ANDY !”缺標點符號,1
不錯哦 666,0
有整齊，讓人方便閱讀,1
排版整齊乾淨，有適當分行,1
整體來說還行，但分行地方有些凌亂,1
排列整齊，容易觀看,1
Greet.java 中 System.out.println() 最後一個+號後要空一格,1
妥妥的,0
理解很清楚,0
閱讀很清楚喔,0
每行註解前記得要空格，否則Google Checks會錯,1
排版整齊，清楚明瞭,1
非常整齊、清楚,1
排版很整齊~一目了然!讚讚,1
"第一題：第10行的等號前後要加空格、第14行的加號前後要加空格
第二題：第六行字數超過100字、第21,22行的註解跟分號中間應有空格",1
"第二題：等號和小於前後應加空格、分號和逗號後面應加空格、for和if後面應加空格、if需用大括號將內容括起、大括號與小括號之間應有空格、變數index,reaplaced聲明和第一次使用距離太多行。
繳交前可以先用CheckStyle確認。",1
有的~很整齊,0
排版乾淨整齊,1
完美 !,0
Good 排版整齊,1
Good 排版很整齊,1
沒有內容，故無法判斷,1
縮排格式有誤，不是4格，應為2格,1
排版整齊、工整方便閱讀,1
排版整齊方便閱讀,1
算整齊,0
Greet 檔案的排版為四個空格，不符合Google coding style,1
但是第十行的=旁邊要各空一格,1
個人建議每行或段落之間可以有空行，比較不會看起來擠在一起ㄛ,1
是的，還會在每行打上解釋程式碼的註解很棒！,1
是整齊的,0
"有的～～
",0
超整齊,0
"第一題符合
第二題空白",1
空格不符合google 規範,1
StringOperation.java每行開頭的空格數不符合Google CheckStyle,1
"是,完全符合google java checks的要求",1
Greet +少空格,1
整齊!,0
排版整齊，方便閱讀,1
排列整齊，有適當分行,1
是，排列整齊，能夠理解,1
排版整齊，容易閱讀,1
縮排錯誤,1
"Greet.java的14,15,16行的replace的括號裡的逗號後要有空格。
StringOperation每行縮排空格數應為Space，不是Tab。",1
是的，排版整齊乾淨,1
是的，排版整齊,1
是的，,0
內容空白無法判斷,1
簡潔整齊,0
整齊 方便閱讀,1
排版整齊，但  ; 後面的註解要一個空格,1
是的，讚,0
是的，乾淨整齊！,0
空格的地方可以多注意,1
符號前後空格要注意一下,1
"1.Greet 縮排的格數有誤，應為2格，不是4格
2.StringOperation 中倒數四行程式碼的"",""前面不用空格
",1
很棒 很整齊,0
很棒 排版非常整齊,1
棒棒!,0
不會閱讀困難,1
"第一題：17行加號前後要加空格
第二題：25、26行的分號後面要加空格",1
"第二題：等號和小於前後應加空格、分號和逗號後面應加空格、for和if後面應加空格、if需用大括號將內容括起、大括號與小括號之間應有空格、變數index,reaplaced聲明和第一次使用距離太多行。 
繳交前可以先用CheckStyle確認。",1
是，完全符合,1
是，有適當的命名，不會不知道在做什麼,1
有達到標準喔,1
有喔 符合標準喔,1
沒有變數,1
是的，符合標準,1
Good 都符合標準,1
Good 命名都符合標準,1
第一個程式沒有用到'hello'這個字串 還是改一下比較好,1
都有對宣告的變數做初始化,1
宣告變數後有初始化,1
宣告變數後都有初始化,1
有符合標準,1
是的，很棒,0
是的，有符合,0
符合規範,1
是，但第一題變數內容與題目不符,1
是，但第二題變數名稱應為sentence而非sentance,1
宣告變數後有對變數做初始化,1
宣告變數時，都有做初始化,1
是，有符合命名，不會讓人看不懂再寫什麼,1
是，有適當命名，不會讓人看不懂,1
符合，很清楚在表達什麼,1
符合標準，表達清楚,1
否，第一個作業只要name這個變數,1
都有達到,0
是，變數命名符合標準,1
是的，讚讚,0
很棒 有符合標準,1
很棒 都有符合標準,1
"有喔
",0
"符合
",0
"類別命名需要每一個單字的首字母都採用大寫字母
第二題的Stringoperation的o要改大寫",1
棒棒,0
"完美 !
",0
符合規定,1
"是的，讚！
",0
有～,0
符合變數的命名標準,1
符合類別命名標準,1
第二題的類別Stringoperation的o未改大寫,1
是，類別命名符合標準,1
超讚,0
是，有適當的命名,1
好讚,0
uppercase 要改成 upperCase 應該才會符合老師標準,1
第一個作業的 uppercase 要改成 upperCase,1
符合貴定,0
很標準,0
符合鰾準,0
是，有符合命名,1
是，有適當命名,1
是，方法命名符合標準,1
是，有撰寫javaDoc,1
是，撰寫完整且讓人容易理解,1
"作業未完成
",1
Greet那個作業缺少javaDoc,1
JavaDoc清晰易懂喔,1
有，但是JavaDoc內容過於簡略,1
是，有合適註解，沒有過於簡短的問題,1
註解內容適中，不會太過簡短,1
第二個JavaDoc裡面要加上  @param args (參數解釋),1
2個JavaDoc有錯字(practicing打成praticing),1
"不錯，但第二題第7行的 ""@ param args"" 如果用 ""@param args args"" 會有問題，使用自動縮排就可以解決格式上的問題嘍~",1
好好好,0
StringOperation.java的JavaDoc的第一句少一個句點,1
棒棒讚讚，建議補個 @param ...,1
"Greet :  第一行的註解少了一個句點、@param前面要空一行
StringOperation : @param前面要空一行",1
我理解！,0
"Google check 回傳：
1. First sentence of javadoc missing the end period.
   -> class object 和 method 上的第一段描述結尾要加上英文的句點
2. Javadoc tag '@param' should be preceded with an empty line.
   -> @param 上一行要為空行，小心一個space也不能有，不然也會被google check所檢查",1
第一題Javadoc放錯位置(1:1)、缺少Javadoc(7:1)，而且@param之前需要一個空格(10:0),1
"Google check 回傳:
1. First sentence of javadoc missing an ending period.
   -> class 或 method 的開頭描述結尾要加上句號
2. javadoc tag ""@param"" should be preceded with the empty line.
   -> @param 前一行要為空白，如果多一個space也會判定為錯誤",1
兩題都缺少Javadoc,1
javadoc放錯位置喔,1
符合，讚讚!,0
符合，讚讚,0
google checks 沒過喔 縮排是兩格而已,1
註解非常詳細 讚!,1
兩題的main皆沒有Javadoc,1
兩題皆沒有傳入參數的說明,1
是的，符合規範,1
第二題的javadoc有少了一個.,1
兩題都少了JavaDoc喔,1
符合且清楚,0
是的，符合標準且清楚的表示,1
第二份沒寫,0
全部都沒有Javadoc,1
Good 註解都符合規範,1
JavaDoc編寫完善,1
我不知道這樣打會不會怎樣，但我還是讓你過,0
只有main方法有，類別沒打,1
符合規範，寫得很清楚,1
符合規定，寫得很清楚,1
第二題Main裡面的JavaDoc可以再寫詳細點點,1
有符合規定,1
沒問題，但javadoc只有句號,1
沒有用到java doc,1
"沒問題，但第二題印出computer能寫sentence.substring(28, 36)",1
有符合規範,1
main上沒有@param args 的註解,1
main上面沒有@param args的註解,1
第1題的main上面沒有@param args的註解,1
"main 缺少JavaDoc 
JavaDoc 應該使用中文寫",1
是，都有符合！,0
是的，都有符合！,0
"1. 應加上類似這樣的註解
/**
 * This is a StringOperation demo class.
 */
public class StringOperation {
/**
   * This is the main method.
   *
   * @param args output 指定句子.
   */
...
}
2. 程式碼與註解間應至少加上一個空格
3. System.out.println(""length: ""+ len);   --> System.out.println(""length: "" + len);
4. String sub = sentence.substring(28,35);  --> String sub = sentence.substring(28, 35);
     String replaced = sentence.replace(""e"",""1"");  --> String replaced = sentence.replace(""e"", ""1"");",1
有符合，讚讚，但不用每句都註解,1
沒有使用到java Doc,1
有用到javaDoc 並且命名正確,1
棒!寫得很詳細,1
棒!詳細,0
"註解沒有解釋到程式
第二題甚至沒有註解喔
",1
Javadoc忘記打了ㄛ !,1
有寫JavaDoc,1
Greet:Checkstyle結果為缺少JavaDoc,1
no JavaDoc written on main() function,1
@param 前面要空一行,1
註解結尾需要有句點，不然會不符合Google CheckStyle。還有Greet.java的@param上面要空一行,1
是 但可以再寫得更加詳細一點,1
是 而且寫得超詳細 超認真的,1
String少句點,1
建議可以上網查找正確的 javadoc要怎麼寫，現在寫的是把每行程式碼的功能寫出來而已,1
第一題@param前面應有空行,1
有符合標準，註解寫得很詳細，可以把註解寫在那行˙程式碼後面比較方便閱讀,1
在我這邊只有你的註解會出現亂碼，可能要檢查一下問題出在哪裡,1
main內沒有寫上註解,1
沒有題目為何這樣編寫的註解。 ex：地迴，第幾題,1
沒有寫對題目的註解，題2的第3第4小題顛倒順序無備註,1
沒有寫。,0
greet的main上面沒有@param args的註解,1
greet的main上面沒有@param args註解,1
有，皆有註明,1
是，皆有註明，能夠理解,1
是，有適當註明，能夠容易理解,1
",' 應有空格",1
@param 前面需要一個空行,1
"第一題：
google check回傳：' , ' is not follow by white space.
-> 括號中逗號後要有一個空白
String replaced1 = name.replace(""n"",""N"");
String replaced2 = replaced1.replace(""d"",""D"");
String replaced3 = replaced2.replace(""y"",""Y"");

第二題：
-> identation 錯誤, 應為2格, 你的為4格
-> class沒javadoc
-> method的javadoc第一行敘述後沒有句號
-> 參數逗號後要空一格
-> '+' 前要空一格
",1
"class javadoc第一行敘述後沒有句號, @param上一行應為空一行",1
@param 缺少空行,1
註解寫得很清楚,1
"Greet.java的第二個註解少一個句號。
StringOperation.java的註解少一個，有寫的註解少了句號。",1
易懂,0
是的，符合規範且撰寫完善,1
超好,0
是，經由checkstyle檢查後無異狀,1
是，經checkstyle檢查後無異狀,1
是，方便閱讀,1
第一題Javadoc註釋放錯位置(1:1)、缺少Javadoc(7:1)、@param前面要一個空行(10:0),1
第一個(Greet)沒有JavaDoc,1
@param前面要一個空行、還有Javadoc打完要記得加逗號,1
Greet : Javadoc的第一個註解要加句點、@param前要空一行  ;     StringOperation :  @param前也要空一行,1
是的，都有符合,0
是的，都有符合！！,0
"兩個的縮排應為兩個空格  ,逗號前不能有空格",1
Greet.java 缺少 JavaDoc,1
缺少 JavaDoc,1
沒問題，但intelliJ不能跑,1
Pass，但有錯字,1
無JavaDoc,1
"1.Greet class 缺少 javadoc
2.StringOperation class 的javadoc少打一個*，""String Operation Practice""少加了句點.
3.StringOperation main 的javadoc不完整",1
很棒 有符合規範,1
很棒 都有符合規範,1
有有有,0
"pass
",0
兩題都沒有撰寫JavaDoc喔,1
符合! 明瞭,0
兩題的main的JavaDoc放錯位置,1
非常棒 很完整,0
main function 的javaDoc 寫錯位置 要寫在main function pubic那行的上面，且javaDoc請盡量用英文寫,1
輸出都對只是在printf的地方多了一個換行,1
不是印Hello world,1
沒寫作業,1
輸出完全符合題目要求,1
你的program把不符合值採計了，所以平均值也會被影響噢,1
繳白卷了,0
無須輸出各項成績，請將第25行註解掉,1
符合目的,1
Average沒辦法輸出float,1
未完成,0
總共成績要五個 不是輸入五次，有錯誤的成績不能列入計算,1
應該是用switch判斷成績，而不是先用if判斷，程式執行效率可能有差,1
"line51:System.out.printf(""Score Average: %.2f"" + average); 
MissingFormatArgumentException, should replace '+' with ','",1
輸出最後面沒有換行喔,1
皆有符合題目需求,1
無作業,0
是，有達到題目需求,1
恩恩 不錯哦,0
"有符合題目要求
",1
output 的平均數小數點後兩位有錯,1
棒棒！,0
有印出要求的字樣,1
最後平均輸出沒有到小數點後第2位,1
否，此人沒寫作業,1
題目輸出符合要求,1
是的，恭喜！,0
輸入-5後會直接輸出平均，結束程式，應該要讓使用者重新輸入成績。,1
輸出結果符合要求,1
是的，恭喜！！,0
沒做作業,0
沒有照題目所需輸出到冒號。,1
不需要再輸出一次成績,1
割你裡面沒東西,0
"最後多了個空行：
println 應改為 printf",1
輸入 -5 時會是錯的,1
有的!完全符合,0
平均分數無法輸出,1
題目只要求印出成績相對應的A-F，不用印出成績,1
是的，恭喜恭喜！,0
輸入為無效成績後，應讓使用者繼續輸入直到五次成功輸入,1
超過100分就錯了,1
超棒的,0
沒有宣告平均(double),1
Good 都有符合題目標準,1
switch的條件寫法蠻暴力的，可以將分數先除以10再分等第（Ａ～Ｆ）。,1
"當輸入值為100時有錯，
平均輸出前方多了一個$字號。",1
沒有程式碼,1
"Output format is ""Score Average: %.2f\n"" , remember to add space and print newline.",1
"Output format is ""Score Average: %.2f\n"" , remember to add newline.",1
"Output format is ""Score Average: %.2f\n"" , remember to add newline.
HW3 requires reinput when score is not legal and try until get 5 legal scores , your code won't check score when the last input is ilegal.",1
輸入200回傳F,1
當輸入101到109的時候，不應該輸出A。,1
"Remember to add newline after output average.
HW3 requires to check legal scores and input 5 legal times.
Your code doesn't check whether the score is ilegal when last input is ilegal , so I can input 10 times -5 and get ""Score Average: -5.00"".",1
希望下次能寫得更好,0
101以上的數字全都不應該有成績。,1
成績判斷部分 輸入100會輸出F       輸出部分  你的成績前面多了一個$,1
"成績輸入後不須印出成績
輸出格式不符
但其他都對owob",1
Score Average後，冒號前不用空一格,1
是，輸出完全符合,1
程式無法執行,1
"最後多輸出一個 請輸入成績:
輸入為無效成績，請重新輸入 你多了一個 :
平均成績的輸出要到小數點後兩位喔 ",1
Good 符合要求,0
"輸入6個有效成績才會印出平均、""Enter your core""拼錯",1
輸入大於100程式就有bug,1
都對！但是程式碼太長,1
"是 有達到 很棒棒
",0
有達到 讚,0
有達到 很好很棒棒,0
否，不用輸出$,1
有印出指定要求,1
"你的最後一行的print
System.out.format(""Score Average:%2f"", avg / 5);
要%.2f
要有小數點才會取餘數到第二位",1
"你的最後一行的print System.out.format(""Score Average:%2f"", avg / 5); 要%.2f 要有小數點才會取餘數到第二位",1
題目皆有符合要求,1
答案皆有符合題目要求,1
大於101不能輸入,1
沒做,0
不用輸出總分,1
輸出完全正確,1
你正確成績可以輸入六次，不符合題目五次，且規定要用switch你用else  if,1
Score Average: 和數字間只能空一格喔,1
"棒！
",0
有訂正了，很棒,1
有印出指定的要求,1
要輸入六個成績計算平均,1
輸入無效成績 還會輸出 F,1
"good


",0
成績輸入後不須印出成績 輸出格式不符,1
符合 讚!,0
符合 ok,0
符合要求˙,0
妥,0
Good 有符合要求,0
依舊沒有程式碼,1
很棒毆,0
輸出平均沒到小數點後第2位,1
好,0
佳,0
不符合Google check,1
排版不符合GoogleCheck標準,1
"第52行，類型轉換後應有空格
需寫為 avg = (double) sum / 5;",1
"第11行應寫為
* print out average
請與上方的敘述排版一致",1
我覺得蠻整齊的,0
還可以,0
整齊喔,0
switch 沒有寫default，有在google check中顯示。,1
容易閱讀，分行適中,1
容易閱讀，有適當分行,1
googlecheck回報「含有制表符tab」49項,1
排版很整齊,1
"排版整齊
",1
Google Checks 表示有許多行含有Tab,1
"第49行：
average = (double)sum / 5;
在google check中，資料型態的轉換後需要空格
average = (double) sum / 5;",1
蠻整齊的可是Google Checks討厭你,1
是，排版整齊且符合要求,1
是的，整齊,0
不符合GOOGLE規範,1
排版整齊~,1
沒東西怎麼評,0
"google checks 大噴錯
所有的for、while後面都要有空格
{}前面也要空格",1
"註解得很好
Scanner有close，超棒的!",1
符合google規範,1
你的main Function內的縮排有問題，不符合google style,1
"縮排用2格不是4格
陣列 逗號前不用空格
if, while, switch 的括號後須有空格",1
第4、8行需與第10行格式一致，*後須先空一格再繼續打字，推薦可使用Ctrl+Alt+L排版,1
"縮排要用""兩個space""而不是tab，視窗右下角有個按鈕可以設定",1
乾淨整潔,0
"縮進符幾乎全錯
",1
google check不行,1
整齊 棒,0
程式含有tab,1
有空白格或空白行在不該出現的地方,1
空格 空行 不符 Google checkstyle 規定,1
score等號那邊沒有空格，google check有顯示。,1
蠻整齊的,0
google check檢測到大量錯誤,1
棒！,0
還能訂正：else要緊跟在if}後面,1
"yes
但switch 的 case 10&9可以合併成
case 10, 9:
          System.out.println(""A"");
          break;
會更精簡",1
Google Checks有許多不符合規定,1
"縮排用2格不是4格 陣列 逗號前不用空格 if, while, switch 的括號後須有空格",1
整齊乾淨,0
整齊 !,0
"符合標準
",1
不符合google style,1
"Checkstyle : 行內含有制表符tab。
點擊右下角 ""Tab*"" -> ""Reindent File with 2 Spaces""",1
Good 很整齊,0
整齊，switch中的case10和case9內容是相同的，建議可以合併,1
沒有依題目命名變數,1
符合撰寫標準喔,1
成績變數是grade吧?,1
"int grade 跟 int headGrade 那邊可以不用寫=0，因為是Redundant
另外可以不用寫continue那句，不寫的話，程式也可以跑",1
變數使用正確,1
變數命名正確,1
grade沒有初始化,1
沒有對變數進行初始化,1
nums沒有初始化,1
是，score以及average都有提及,1
是，變數命名符合要求,1
"是，
變數命名為score及average",1
"沒有對變數進行初始化
詳情請見物件導向實習PPT 4的第42頁說明",1
有符合撰寫標準,1
Good 變數命名都有符合標準,1
"未對變數進行初始化
詳情請見物件導向實習 PPT 4 第42頁~",1
grade是要輸入的值，讓它等於零是多餘的,1
未對變數進行初始化 詳情請見物件導向實習 PPT 4 第42頁~,1
Good 變數命名符合標準,1
棒棒棒,0
score average沒初始化,1
沒使用變數,1
score無初始化,1
double average沒初始化到,1
變數沒初始化喔,1
變數沒初始化到喔,1
Good 符合,0
score 沒有初始化,1
有初始化,1
score situation average 沒有初始化,1
有些沒有初始化,1
還是讚！,0
double的變數初始值是0.0,1
double初始值為0.0,1
score沒有初始值0,1
變數average需初始化,1
score和average沒有初始化,1
變數 grade 和 input 沒有初始化,1
變數 score 和 average 沒有初始化,1
第13 & 15行沒有對變數進行初始化。,1
"符合google規範
",1
14行的score沒有初始化,1
input未初始化,1
讚讚讚,0
Good 符合標準,1
average是double型態，但total是int型態，建議轉換以相同型態運算,1
average是double型態，但gradesum是float型態，建議轉換以相同型態運算,1
沒使用,0
類別命名符合,1
類別命名正確,1
畢竟Demo Code是正確的,1
是，類別命名符合要求,1
是，命名符合要求,1
Good 類別命名都有符合標準,1
有!!!,0
Good 類別命名符合標準,1
棒棒棒棒,0
達到,0
是 有符合,0
"妥
",0
讚讚讚讚,0
方法命名符合,1
命名正確,1
是，方法命名符合要求,1
Good 方法命名符合標準,1
有!!!!,0
無方法須命名,1
方法命名正確,1
"無方法需命名
",1
没有javadoc,1
"請在main之前解釋args的作用
ex : 
* @param args input parameters.",1
JavaDoc易懂,1
"沒有寫JavaDoc喔
",1
JavaDoc可以再多寫點,1
有符合JavaDoc規範,1
"/**
 *
 *
 *@param args 註解
 */
main funtion上少了這個@param args",1
JavaDoc有符合規範,1
缺少JavaDoc(2:1、3:0),1
有讓人容易理解,1
是，經由checkstyle檢查後無異樣,1
是的，讚啦,0
是，經由javadoc檢查後無異樣,1
沒註解,1
"少@param args input
然後，JavaDoc每一行都要.(句號)除了上面那句",1
有註解,1
其他註解寫得很清楚，認真good。,1
Good 註解都有符合規範,1
符合規範，但可以多寫點,1
超超超詳細!!!,0
棒~,0
Good 註解符合規範,1
(double)sum / 5 的 (double)後面要空格,1
@param arg 後方無內容,1
很多地方需要用空格隔開。,1
否，你沒寫JavaDoc,1
"javadoc要補上""傳入值""的解釋",1
if 跟 switch都用到讚,1
if跟switch都有用到讚,1
符合 清楚!,0
對 很棒,0
JavaDoc 不符 Google checkstyle 規定,1
有寫 很棒棒,0
有寫 非常棒,0
有寫JavaDoc，但開頭的應該不是要你寫日期吧,1
註解有符合JavaDoc規範,1
"不符合checkstyle格式
",1
清晰易懂,0
google check 顯示沒有,1
第12行，Javadoc tag '@param' 前面須有一個空行。可使用Ctrl+Alt+L檢查排版及Javadoc相關規定。,1
還能訂正：@param args input 要放摘要下面，不然JavaDoc會說沒寫摘要，而@param args要寫說明,1
很多地方沒有按規定用空格。,1
符合JavaDoc規範，不過之後 args 後面之後可以寫 user input 或直接刪掉就好,1
缺少 @param,1
第12行的注解@param前面要有一個空行，可以使用Ctrl+Alt+L自動調整成對的註解格式,1
"請重新輸入下一行還要再print一次請輸入身高/體重。
BMI要取到小數點後第二位。",1
我輸入-1兩次就可以繞過驗證了,1
輸出不符合題目要求,1
題目有達到要求,1
結果有符合題目要求,1
沒有宣告第一個物件給Tom初始化資料,1
"Name ： 
Age ：
BMI :
定義的詞跟：前面全部都有空格，我猜可能是中文的：跟英文的:的佔的空間不同的關係
其他都是對的哦
",1
繳白卷哦....,0
體重輸入0.9會有問題,
bmi沒有進位到小數點後第二位,1
Marry的體重超過300，沒有給體重無效資訊,1
"1. 如果第一次輸入錯誤的範圍，第二次再以相同數字輸入的時候會是錯誤的。
2. BMI輸出的結果都是0
3. 不需要輸入TOM的數值",1
同學你沒有寫建構子。,1
否，若重複輸入錯誤身高或體重兩次，輸出結果會出現錯誤。Main檔裡面判斷身高和體重範圍的if判斷式只會判斷一次錯誤，應改為while迴圈作為判斷，才會符合題意。,1
是的，符合題目要求。,1
"	
是的，符合題目要求。",1
"Homework requires init with constructor , not using a method for initialize.
As sample data std1 , you should init it as Student(""Tom"", 18, 170, 62);",1
main沒東西,1
"第三行輸出,Name改成BMI",1
輸入第1個變數就不會動了,1
"1.Mary拼錯記得去掉一個
2.Mary體重輸入301.8沒有跳出輸入無效",1
"I think you misunderstand what does initialize with constructor mean.
As your sameple data allInput , it should be `new Student(""Tom"" , 18 , 162.4 , 70.5)`.
I think it has been explained clearly on Page.22 of `Defining Class 2`.",1
不確定Mary和Sam的年齡要不要和題目要求一致，可以修改一下,1
有符合 超棒,0
"符合要求
",1
顯示輸入無效後，還要再print 一次輸入誰的身高或體重，跟範例一樣,1
符合 很棒棒,0
"Main 函式中未依題目要求使用建構子生成物件。
且 Main.java 中的第17行，輸入的身高單位應為(cm)，而不是(m)。",1
什麼都沒有欸...再看看是不是沒有Push成功！,1
超讚ㄟ!!,0
"身高體重輸入無效的訊息中，應改成這種逗號 "" , ""。輸出Name、Age、BMI時，請注意冒號後有一個空格，像是Name: Tom",1
"請注意無效訊息中的標點符號，應改成這種逗號"" , ""。",1
"沒有mary的身高體重輸入
沒有在學生類別中定義兩個建構子,Main類別裡的建構子生成 
詳細在老師實習課講義裡有:Defining Class2",1
符合 讚,0
第一筆Marry的BMI輸出值不合理,1
Tom不用輸入數值 要自己預設好,1
"1. 沒有依題目要求作答
2. 輸入時，都是輸入Sam的身高跟體重，但題目還有要求輸入其他人",1
"輸出的"":""後面要一個空白鍵",1
沒有setName()、setAge()、getHeight() 和 getWeight()，雖然用不到，但題目有要求ㄛ,1
TOM的BMI值請求出，而不是直接輸出,1
沒有打任何內容,1
BMI只取到小數點第二位,1
"輸入無效的身高/體重時，缺少提示訊息""請輸入某人的身高/體重 ""和標點符號。",1
未依題目指示作答,1
第一個物件助教的意思應該是身高體重自己設計去跑BMI 不是直接輸出24.86,1
有 你寫的程式碼看起來很聰明 我喜歡,0
是 非常完整,0
是 還用中文非常易懂,1
output bmi 卻寫成 name,1
根本沒寫,0
是！,0
"輸入體重無效,請重新輸入。要直接接:請輸入Amy/Simon的身高:",1
"請輸入後面都少了"" : ""喔",1
是，輸出完全正確,1
逗號雖然不依樣，但我覺得不影響輸出,1
雖然逗號不一樣，但我覺得不影響輸出,1
有符合題目需求,1
結果有符合題目需求,1
Good job 666,0
請重新輸入下一行還要再print一次請輸入身高/體重。 BMI要取到小數點後第二位。,1
BMI輸出有問題,1
否，BMI在某些數字狀況下會輸出Infinity，BMI計算可能有問題,1
第一個物件沒有四個資料都初始化,1
空白的檔案,1
很好!讚,0
輸入為無效數後，除了要印出請重新輸入還要重複印出上一段的文字 (抱歉，上次沒檢查到),1
好像沒改ㄟ,1
還是沒寫,1
輸出冒號後要空格,1
"當身高輸入錯誤，回傳""體重錯誤""；第一個物件須為初始化姓名、年齡、身高、體重，且並未使用方法內的身高體重，反而在主程式新增體重變數。",1
"當身高輸入錯誤，回傳""體重錯誤""；第一個物件須為初始化姓名、年齡、身高、體重，且並未使用方法內的身高體重，反而在主程式新增體重變數。
",1
身高體重範圍錯誤(為1<=x<=300非0<x<301),1
"輸入身高體重要位於1~300 所以判斷式 應該是 if(height<1||height>300)
我輸入0 沒有判斷重新輸入",1
有輸入不在範圍的值的話，在print的時候就會有問題。,1
Tom不需要輸入數值，要自行預設,1
交白卷噢,0
"每行輸出的""：""後面要有一個空白鍵",1
第一個物件的身高變數初始化，應該單位要用公分，而不是公尺,1
但getBMI的部分寫到main.java裡面了,1
BMI顯示錯誤,1
Didn't change the constructor part.,1
有...,0
有達到 很棒棒,0
雖然你給我評無意義的建議，但你還是有記得去改，很棒~,1
"第一筆Mary輸出值依舊不合理
",1
Main 函式中未依題目要求使用建構子生成物件，且身高的單位不一致。,1
再請輸入這行後面要加 : 才跟題目需求一樣,1
縮排都錯了,1
student那個檔案有很多錯的,1
未符合GOOGLE規範,1
排列整齊，容易閱讀,1
整齊易看,0
googlecheck回報很多錯誤,1
newtBMI宣告與第一次使用距離太遠(看google checks),1
沒有正確縮排,1
非常精簡清楚,1
是的，排版整齊乾淨。,1
"	
是的，排版整齊乾淨。",1
"整齊
",0
不符合Google Checkstyle的規範,1
什麼都沒有...,0
棒啦,0
漂亮,0
Main.java，第8行需與上方注釋排版一致(*後須多一個空格),1
Student.java 中 public static double BMI()方法上面要空一行,1
是是,0
student的checkstyle沒過,1
否 排版沒有照Google Check 縮牌沒有縮好,1
沒寫所以很整齊,0
是 很整齊,0
很多縮排是錯的,1
googlecheck回報一堆錯誤,1
整齊易懂,0
是的，排版整齊。,1
程式排版有誤,1
多或少了空格空行 不符規定,1
多或缺空格空行 不符規定,1
不符合Google Checkstyle的標準,1
不符合Google Checkstyle,1
沒有初始化,1
變數沒有初始化,1
"沒有對變數進行初始化，double宣告後要初始化，ex: double height = 0.0;
在實習課第四章第42頁有範例",1
Student內的變數未初始化,1
main裡面的tall跟weight未初始化,1
變數有符合命名,1
變數命名符合,1
double的初始化應為0.0,1
沒有宣告初始化,1
是的，符合標準。,1
"	
是的，符合標準。",1
命名符合要求,1
"Student.java的第3~7行沒有進行變數初始化。
第七行：雖然方法命名可以用大寫的BMI，但變數名稱還是要用小寫(有問過老師)。",1
Student.java的5~8行沒有對變數進行初始化。,1
好啦,0
變數的名稱沒有符合Google Checkstyle標準 變數名稱開頭要小寫,1
並未對變數初始化,1
Student檔無初始化,1
Student 內的變數沒有給初始值， newtBMI和rockyBMI 有問過老師說變數名稱的BMI還是要小寫喔,1
沒有給初始值,1
"Student class中的變數name、age、height、weight、bmi沒有初始化。
宣告的變數bmi要是小寫，不能是大寫。
",1
Main.java中，變數height、weight未初始化。,1
height weight 變數未初始化,1
double的初始值是0.0不是0喔,1
BMI開頭不能大寫，未符合checkstyle要求,1
否，變數(人名)要小寫,1
抱歉之前沒有檢查到，但Student內的變數要給初始值喔,1
Student檔還是沒有初始化耶,1
std2height......,0
類別有符合命名,1
good啦,0
Good  符合標準,1
一開始作業就有命名,1
符合命名,1
GOOGLE規範中標註命名不能用超過一個連續大寫,1
setNameandAge......,0
方法命名有符合,1
nice啦,0
public double BMI() 不符合命名標準 應該改為小寫,1
"否 public double BMI 不符合 應該為bmi
",1
"  public double bmi(double height, double weight) {
    return weight / ((height / 100.0) * (height / 100.0));
  }
裡的bmi 要變成 BMI，助教上課說javaDoc說錯不要理，因為他要大寫。",1
getBMI這個命名有問題 不能有連續大寫字母,1
BMI不能超過一個 字母連續大寫,1
"否  Student Tom,Marry,Sam應命名為字首小寫 可以改為 stdTom,stdMarry,stdSam",1
超過一個連續的大寫字母之命名並不符合規範,1
很抱歉，命名不能出現超過一個連續大寫字母,1
showBMI的BMI只要B大寫就好,1
setBMI跟getBMI只需要B大寫,1
BMIZ方法只要B大寫喔,1
符合˙,0
Student.java中的 BMI method不符合googlestyle,1
Student檔案沒寫JavaDoc,1
兩個都沒有javadoc,1
student那個少一個javadoc,1
student缺乏,1
一堆CheckStyle錯誤,1
JavaDoc不完整,1
class Main裡面的JavaDoc不完整,1
"student 的 JavaDoc 寫 ""How to lose"" 不是很懂",1
student 的 JavaDoc 未符合標準,1
註解有符合 JavaDoc 規範，能理解該類別或該方法的規格,1
簡單易懂,0
Student.java的第二行、第四十行、第五十二行沒有javadoc,1
建構子上面要有註解，output的方法上要有註解,1
google check style 除了BMI的方法名之外有很多錯誤(縮排、註解、空格......),1
student.java沒有javadoc跟一些其他的問題,1
沒寫javadoc,1
Student類別缺少JavaDoc,1
是的，符合JavaDoc的規範。,1
否，Main檔有撰寫及符合JavaDoc規範，但是Student檔裡面缺少JavaDoc的撰寫，分別在第二、十八、四十五、五十五行的地方,1
Student.java檔缺少javadoc補一下喔~~~,1
Student加個,0
"記得要符合googlecheck的格式喔~~~(快速縮排按ctrl+alt+l)
Student.java少了javadoc要補一下",1
Student.java沒有JavaDoc。,1
Student 那裡沒有 javadoc,1
Student那個檔案沒寫JavaDoc,1
啦啦啦,0
有寫JavaDoc (但你第二建構子的JavaDoc好像怪怪的，不是4個都是預設嗎,1
"Main.java，main上方須寫上傳入值args的解釋，EX: @param args input parameters.。
Student.java，兩個建構子及get、set函式皆須加上javadoc，@param用在解釋傳入值，@return用在解釋回傳值。",1
Student.java中的set、get函式須加上javadoc,1
"yes
",0
寫得很清楚，推推,0
Student檔案缺少javaDoc，google check 有顯示。,1
" * @param name input parameters.
 * @param age input parameters.
 * @param height input parameters.
 * @param weight input parameters.
public Student(String name, int age, double height, double weight)
每一個public只要有輸入或return都要記得JavaDoc
 * @param return name
 public String getName() {
    return name;
  }
",1
Student檔第19行註解格式錯誤,1
Good 符合規範,1
Student.java 沒打javadoc註解,1
"good
",0
是  註解很詳細,1
是 註解寫得很清楚,1
"沒有改過：* @param name input parameters. * @param age input parameters. * @param height input parameters. * @param weight input parameters. public Student(String name, int age, double height, double weight) 每一個public只要有輸入或return都要記得JavaDoc * @param return name public String getName() { return name; }",1
"* @param name input parameters. * @param age input parameters. * @param height input parameters. * @param weight input parameters. public Student(String name, int age, double height, double weight) 每一個public只要有輸入或return都要記得JavaDoc * @param return name public String getName() { return name; }",1
student.java沒有javadoc,1
Main.java，main上方須寫上傳入值args的解釋，EX: @param args input parameters.。 Student.java，兩個建構子及get、set函式皆須加上javadoc，@param用在解釋傳入值，@return用在解釋回傳值。,1
JavaDoc有符合規範，能理解該類別或該方法的規格,1
還是一堆checkstyle 錯誤 ，有些地方要空格,1
Student檔案沒寫JavaDoc。,1
是的，符合JavaDoc規範。,1
否，Student檔裡的每個set和get前都要加上JavaDoc喔，但該程式裡面只有set有JavaDoc。,1
否，沒javadoc等,1
"Student class 內的javaDoc不用有param。
方法前應有各自的javaDoc(這個是checkstyle寫的，我也不確定)",1
"Main的第二個JavaDoc
/**
   * This is the main method.
   * @ param args  ( 這裡要加上參數的說明  範例在 物件導向設計實習 - 4 - ProgEdu P41的第二個)
   */",1
"Main的第二個JavaDoc裡面要加上@ param args (傳入參數的說明 )

範例在 物件導向設計實習 - 4 - ProgEdu P41的第二個",1
Google Checkstyle有顯示在Student的類別裡面有缺少的Java doc,1
有寫,0
"還是沒有更改喔~是不是忘了
Student檔第19行註解格式錯誤",1
平手的輸出是Game tie唷!,1
"作業未完成
Game.java語法錯誤",1
win跟lose完還要一行gameover,1
沒有將輸入的猜拳字串轉換為Enum型態並存入陣列,1
未作答,1
每場比賽的結果須回傳到Main再輸出，勿直接在Game.java中輸出，請詳細看作業說明。,1
有些輸出的句子沒有加句點。,1
"""Please re-enter the gesture""少一個句號。""You win!""和""You lose!""都可算比賽結束，在你的程式中只有在獲勝時才會結束遊戲。",1
完全符合 牛逼,0
"compare函式中的return ""You lose""少一個驚嘆號。""Please enter your gesture.""只需輸出一次即可輸入3個手勢，請參考作業說明。",1
"有些輸出的句子沒有加句點。
you lose 跟you win 沒有加驚嘆號且y要大寫。
是 Game tie 不是 you tie。
遊戲結束要輸出 Game over.。
compare 要回傳字串，每次的結果都要存入字串陣列中。
輸入錯誤的話重輸入一個就好，不須重輸三個(有問過助教)。
startGame要在輸入之前就呼叫。
沒有把輸入的String轉成Gesture。",1
"按照題目要求，compareGame()要改成compare()
系統生成手勢與使用者輸入手勢比較之結果要存入「字串陣列中」
Please enter the gesture.改成Please enter your gesture.
輸出遊戲結果要在Main class裡不是Game class
跟助教確認過，輸入錯誤只需要重新輸入一個，不需要三個都重新輸入
",1
平局需要重新生成亂數。,1
"Main.java 第24行的 ""i--"" 要改成 ""i = -1""，不然會有bug",1
題目未完成,1
"當輸入對的時候 Please enter your gesture: 只需要輸出一次
Please re-enter your gesture: 這個部分也有錯",1
未完成程式,1
"缺少Gesture.java檔以及Game tie的字樣會一直被印出來。當雙方平手時，並不會出現""Please enter your gesture.""的字樣且每回合的結果都是Game tie，並不會出現""You win!""或是""You lose!""的字樣。",1
"沒完成。
若有完成作業，也許是最後修改的檔案你忘記再push一次",1
沒完成。 若有完成作業，也許是最後修改的檔案你忘記再push一次,1
Main.java第42行多打了type，也許修改後忘記push了,1
42行最後有一個「type」導致程式碼跑不動,1
不符合目的，輸入錯誤的話應該要再重新輸入三次,1
除了創資料夾以外啥都沒寫,1
不符合，輸入錯誤應該要再重新輸入三個值,1
並沒有將每次的比較結果存入字串陣列,1
輸出結果沒有輸出Game over，而且沒有將每次的猜拳結果存入字串陣列,1
記得寫作業~,1
你的Game.java沒有東西,1
你完全沒寫作業,1
同學忘記寫作業囉,1
Game tie 没有.,1
輸入錯誤時只需重新輸入那一個不用全部重新輸入,1
"一開始運行程式的第一個print不是re-enter
記得加上句號！",1
Code似乎沒寫完ㄟ..至少我這裡無法執行,1
"compare方法題目要求系統生成之手勢與使用者輸入之手勢比較結果存入「字串陣列」中，比較勝利次數再回傳""You win!""/ ""Game tie""/""You lose!""
最後的Game over要加上"" . ""
",1
程式跑不了,1
"re-enter inputs應該是重新輸入全部吧
main.java裹的縮進符要記得改喔",1
假如打錯，應要重新讓使用者輸入三個,1
同學你的code似乎會有無限game tie 的狀況,1
第一次輸入時顯示的字樣應是Please enter your gestrue. 而不是re-enter 其他沒有問題,1
"compare沒有將每輪系統生成之手勢與使用者輸入之手勢相比較並將結果存入字串陣列中
然後Game tie 後面沒有 ! 喔~",1
re-enter inputs應該要重新輸入全部吧,1
正確的應該是scissors 而不是scissor,1
三個檔案都空白,1
沒有寫code,1
"平手的print是Game tie不是You tie
輸入錯誤一個只有那個要改好像不用全部重新輸入",1
是 完全沒問題,0
Game tie沒有正常輸出,1
Please enter your gesture 和 Please re-enter your gesture 沒加句號,1
VERY  GOOODO,0
未上傳到Gesture類別QQ,1
程式無法執行，game.java 沒有startGame和compare的函式,1
"white
",0
輸入多次Stone卻都是Game tie， 進入無限死迴圈,1
輸入錯誤之後重新輸入三次沒有跑出結局,1
不符合題目要求,1
"1. startGame方法中的j永遠都是=1，所以電腦隨機生成Gesture永遠都是paper/paper/paper   
2. compare方法中判斷輸贏是錯誤的   
3. 回傳結果為""You win!""和""You lose!""都要輸出""Game over.""，只有""You win!""符合   ",1
檔案沒辦法跑,1
"Game tie 之後應該要再印出""Please enter the gesture""，且僅有當遊戲結束才印出""Game over.""，平手後不用印。判斷是否為平局須看三次的結果，而非最後一次，程式需修改。當第一次就輸入錯誤時，i會變成 -1 導致傳入compare會出現""java.lang.ArrayIndexOutOfBoundsException""錯誤。",1
"打stone都game tie並非隨機gesture
",1
沒有print出結果,1
輸出錯誤，你compare方法裡的 else if (arr1[i] == Gesture.scissors && arr[i] == Gesture.stone) 應該是lose++ 而不是 win++,1
"1. ""You lose""少了""!""
2. 每輸入一組猜拳只要印出第一次的""Please enter your gestures.""，不用每次都印出",1
兩次平手之後會變成game over,1
平手後即結束遊戲，需迴圈直到有勝負。win lose 的判斷有問題，可能需要debug 一下，有時stone vs stone 會有win++的問題,1
輸出結果符合題目要求,1
沒寫(是沒上傳到嗎@@),1
輸出輸出結果符合題目要求,1
符合!,0
"1. 如果平手輸入一樣的會一直平手
2. 題目要求Game裡的成員變數要用private
3. 題目要求記錄勝負的陣列是用字串型別不是整數型別",1
遊戲結束少印出 Game over.,1
題目要求Game裡的成員變數要用private,1
empty,0
你沒有print game over,1
我第一次測試就出錯，但是之後除了出錯外，也有成功出現勝利、失敗、平手，我只能說非常神奇!!!,1
作業未完成 main檔錯誤無法執行,1
否 平手後無法繼續執行,1
否 第一次應該是enter 不是re enter,1
助教 有說過switch不能以較新版本的寫法 這樣我沒辦法執行程式,1
我把你random出的手勢輸出，再根據必贏的手勢輸入，但是依據you lose。你compare的部分有錯誤，玩家贏的時候fin沒+1，所以一直輸，除非全部平手。,1
若輸入過程中有誤，讀取會有問題,1
若輸入錯誤要三個全部重輸 ( i--要改掉 改成 i = 0 ),1
Good都符合,0
否，請輸入的字樣只需要出現一次。,1
"沒完成,沒出現Game tie",1
同學，你沒有寫完,0
與程式要求不符合(game函數多了一個getSysGesture、要求輸入時並不是輸出三次敘述),1
一大堆問題，請按照題目要求,1
如果輸入有問題是要三個gesture都重新輸入,1
系統並非隨機生成猜拳手勢，輸入固定組合會得到相同結果,1
"輸入第二或三個不符合猜拳手勢時，須全部重新輸入，且顯示""Please re-enter the gesture""時，下一行又顯示Please enter your gesture.",1
compare要回傳String[]才行，然後要在Main檔裡面判斷後輸出遊戲結果，不要懷疑，因為我一開始也是跟你寫一樣概念，問了助教也被要求要改了，很白癡的題目，所以請更正吧,1
有個地方錯了 你的程式寫法是贏一場平手 贏兩場算贏 都沒贏算輸 但是一場贏一場輸一場平手是算平手的 而三場都沒贏也有可能是三場都平手,1
後半段未完成,0
第二個手勢輸入錯誤後 重新輸入只輸入兩個手勢就跳出結果,1
"否，缺少Gesture.java檔以及Game tie的字樣會一直被印出來。當雙方平手時，並不會出現""Please enter your gesture.""的字樣且每回合的結果都是Game tie，並不會出現""You win!""或是""You lose!""的字樣。而且，不會有遊戲結束的時候。",1
"否，當遊戲結果為輸時，回傳的結果是""You lose!""，而不是""You Lose""，少了驚嘆號及字母L應為小寫。還有""Please enter the gesture""和""Please re-enter the gesture""，均缺少了句點。",1
輸入固定手勢組合，皆會得到相同結果，系統並未隨機生成手勢,1
"輸入第二或三個錯誤手勢時，須接著輸入，而非全部重新輸入，且顯示""Please re-enter the gesture""時，下一行不應再顯示Please enter your gesture.",1
"1. game tie 的時候會一直game tie下去, 2.  且如果輸入錯誤re-enter gesture的時候輸入次數有問題",1
最終輸出應由Game.java回傳結果給Main.java，而後交由Main.java輸出結果,1
結果皆有符合題目需求,1
題目只要求重置輸錯的那次，而不是重新輸入三次,1
無程式碼,1
是  有完成,0
"1. 成員變數要private
2. 勝負要用字串存",1
題目寫將系統生成之手勢與使用者輸入之手勢相比較並將結果存入字串陣列中,1
"沒寫code
",1
平手判定有問題，如果我瘋狂出一樣的拳，只要一次平手之後，就會永遠的跟電腦平手,1
未上傳到Gesture類別twice QQ,1
輸入錯誤只需從輸錯誤的那個就好 不用全部重新輸入,1
輸入的部分沒有寫好喔，如果輸入太多次會判斷錯誤。使用者要能夠輸入三種手勢,1
什麼都沒寫,1
輸入格式有誤喔，範例是一次輸入三種手勢，不用在每次輸入前都印出please...,1
程式能跑，但 Game.java要長度為三的Gesture陣列，不知道為什麼程式是長度四的陣列,1
分出勝負以後遊戲沒有結束,1
只讀了一個就輸出結果了,1
分出勝負後沒有結束遊戲,1
應讀入三個手勢後，再輸出勝負,1
創建電腦手勢時，其中的switch 未加break，導致電腦只會出三個剪刀,1
"否，第一次輸入是enter 不是 re-enter
",1
重新輸入是3個都要重新輸入喔(不管前面輸入了多少個正確的字串)而且輸入的字串錯誤時要回傳Please re-enter your gesture,1
不符合，輸入錯誤的話應該要立刻就重新輸入才對,1
平手後輸入同樣的就會一直平手,1
符合目的喔,1
Game.java中的startGame()是要一次生成三個隨機手勢，不是在Main.java裡呼叫三次startGame,1
輸入的格式不符合老師要求，是Game over.不是game over,1
輸入是輸錯一次就要重輸不是三個輸完才重來，且有輸錯重來後就算輸入都對也跳不出迴圈，會一直要求重新輸入,1
"無法執行，且game.java中第45行應為"";""而不是""；""，還有陣列大小設定錯誤(在game.java第13行，亂數那行有問題，導致產生的數字大於陣列大小)",1
"遊戲結果的判斷是依據三場的勝負決定，
目前的寫法依舊是判斷最後一場，
可以把程式碼改成讀取完三筆正確輸入，
再將array 傳入compare function，
這樣也不會有i 小於0而出現""java.lang.ArrayIndexOutOfBoundsException""的錯誤，
在compare function 裡面寫個for 迴圈就可以了。
至於Game tie 之後應該要再印出""Please enter the gesture""，
可以嘗試用do...while 來解決。 加油dowob",1
main.java裹的縮進符要記得改喔,1
有時輸贏判斷會錯誤,1
你wrongInput 在進while迴圈時，要改成false，不然出現重新輸入時就會有無限迴圈的問題,1
認真點,0
雖然最後的樣子有符合，但題目有要求在compare方法裡要將系統生成之手勢與使用者輸入之手勢相比較並將結果存入字串陣列中，還有在Main.java中呼叫物件的compare方法，傳入使用者猜拳手勢陣列並輸出回傳結果。抱歉第一次沒檢查到。,1
符合 !,0
某些情況會印出數字,1
code沒辦法跑,1
re-enter會存到之前的結果,1
Game tie的時候要重新產生一組亂數，讓電腦產生新的一組猜拳,1
都符合,0
"題目：將系統生成之手勢與使用者輸入之手勢相比較並""將結果存入字串陣列中""，這邊只有回傳相比較後的結果，沒有將結果存入另外的字串陣列中//Main檔中 題目：將輸入的猜拳字串""轉換為Enum型態並存入陣列
，其陣列儲存的資料型態須為Gesture""，我沒有看到main檔裡有Gesture的資料型態//另外題目：呼叫物件的compare方法，""傳入""上述使用者猜拳手勢陣列並輸出回傳結果，這邊您並沒有傳入的動作

",1
"重新輸入 應該是指 該次錯誤重新輸入 不是全部重計
然後在印出""Please enter your gesture"" 應該換行",1
"沒有符合""將系統生成之手勢與使用者輸入之手勢相比較並將結果存入字串陣列中""",1
"compare方法中，系統生成之手勢與使用者輸入之手勢相比較之後結果要使用字串陣列保存
且開始程式的第一次提示不是re-enter而是enter",1
還是沒有程式碼,1
game tie後就game over了,1
輸入錯誤不會清除之前的值 而是直接繼承下去,1
輸入錯誤時 要將上次輸入的值清除或覆蓋 不是繼承到下次輸入,1
沒寫作業喔,0
應該拉,0
compare方法沒有將比較結果輸入字串陣列中。startGame方法中的switch沒加break和default導致輸到sArray的值都是Gesture.scissors以至於不會隨機。,1
compare沒有將每輪系統生成之手勢與使用者輸入之手勢相比較並將結果存入字串陣列中 然後Game tie 後面沒有 !,1
空白,0
compare方法沒有將比較結果輸入字串陣列中。,1
輸入錯誤的話重輸入一個就好，不須重輸三個(有問過助教)。,1
輸入錯誤手勢的提示訊息錯誤,1
痾...你的compare是不是沒改，還是回傳boolean ，但題目要求要回傳String[],1
題目要求compare要回傳是String[] 而不是String,1
compare 要回傳String[]才行,1
應該是沒寫啦,0
應該是沒寫,0
"使用 google check style 會出現很多問題，像是for (int i ...)，""for""與""( )""中間要隔一個空格",1
排版整齊，但程式未完成,1
排版整齊，容易理解,1
排版不整齊，大括號與大括號之間空了好幾行，應該把空行去除。,1
Main.java第5行要空格,1
沒內容,0
大致整齊，把type去掉就更棒了,1
整齊易閱讀,1
"否，Google Checks 有地方有錯
",1
你沒寫所以就沒有錯,0
有30個error,1
check style 沒過,1
還行,0
"沒寫

",0
做得好java人,0
沒有使用googlecheck來檢查，有極多錯誤，其中包含空格的位置,1
Main.java 跟Game.java沒排版,1
只有Main的排版符合Google checkstyle的標準,1
Main ，Game裡面有數個未有適當的空格，同時也有多餘的空格,1
Your Main.java is purely clean.,1
Main.java 24行 if 後應有一個空格 和括號後也應有空格,1
white,0
switch的打法錯誤，建議將case 2改成default或是default中的內容清除只留下break,1
Game.java 有9項不符合Google Java Style規範,1
Good整齊,0
Game類別:第74、76和79行的格式錯誤,1
排版不整齊，大括號與大括號之間的多個空行應去除。,1
都沒寫,0
沒寫code,1
Gesture.java 與Game.java 中有很多項未符合Google check style,1
Main.java的第8行，*號後只需空一格，請與第10行排版一致。,1
game.java第38.39行if縮排錯誤,1
縮排有誤喔,1
"Main.java 第四行後應有一行空行，，第18行大括號與註解間應有一個空格，第23行if後與大括號前少各一個空格 Game.java 第5, 6, 14, 36行後應各有一空行，第21, 23, 25 分號與註解間應有一格空格",1
符合Google Style規範,1
否，Google Checks 有地方有錯,1
整齊!整齊!,0
Game.java 的第38、39行縮排要在37行的if後，正確的話要像42、43行一樣,1
String input 忘記初始化,1
google check 有顯示if後面要空格。,1
check style沒過,1
不太確定 你使用的版本好像跟我不同，我沒辦法跑check style,1
Game類別中有許多缺少或多餘的空格。建議先用Google Checks測試過。,1
checkstyle 沒過,1
Main.java 第26行，input需初始化,1
"Game class裡的double n沒有初始化
Main裡的gt命名改成有意義單字
",1
有符合變數命名,1
是的，符合撰寫標準。,1
"Main.java第12行，「Game.compare(Gesture.scaner);」Gesture.scaner有誤，
並且scaner這個變數並未宣告。",1
有符合Google Java Style規範,1
"沒寫
",0
符合，且有初始化,1
Game.java switch沒有定義default,1
命名符合題目要求,1
未使用,0
string陣列未初始化,1
"很棒
",0
Good符合,0
目前有寫到的是對的,1
沒用到,0
"變數命名正確
",1
是的，符合撰寫標準 。,1
main.java裡面第15行宣告i未初始化,1
沒用,0
main 的 i 沒有進行初始化。,1
Main裡的flag2沒有初始化。,1
Main 檔的String jout可以換更好的名字,1
有符合類別命名,1
類別，助教預設的,1
google 表示不開心,1
"類別命名正確
",1
有符合方法命名,1
沒有方法,0
符合方法命名標準,1
有符合lowerCamelCase,1
"方法命名正確
",1
startgame要改startGame,1
class Main與其JavaDoc應間隔一行,1
Game.java中的compare函式須加上@param和@return。Main.java中的main須加上@param,1
有點醜 但 check style 有過,1
Main.java中的main請加上@param。Game.java中的compare函式請加上@param和@return。,1
main 沒有JavaDoc。,1
不符合！,0
"Main.java, Gesture.java 缺少 javadoc",1
Game.java 沒有 JavaDoc,1
有符合JavaDoc規範，能理解該類別或該方法的規格,1
google check style 沒過,1
清晰易懂喔,1
javadoc也沒寫,1
gesture沒寫javadoc,1
你沒寫,0
enum沒有JavaDoc,1
不符合google checks,1
gesture.java 沒有做java doc,1
enum 那個沒有打JavaDoc,1
"三個檔案都沒有註解!
",1
只有Main有Javadoc,1
Main的javadoc有不符合的地方,1
startGame和computer的JavaDoc沒寫到@param,1
"OK
",0
Game類別中的compare方法的註解 要加一個@return 解釋回傳的值，雖然startGame方法中的radom樹已經固定了，但記得在swtich內加一個default，不然Check Style不會過,1
Game.java裡面有方法前面沒有空行喔,1
Main.java裡面註解縮排有錯喔,1
Main.java裡面if後面要有空格喔,1
注意一下game.java第30行要再多一個空行~~~,1
Javadoc符合規範,1
"""METHOD_DEF""前應該要有一個空白行。(30:3)",1
Game和Gesture類別有些地方沒有加空格。,1
"
JavaDoc有符合規範，能理解該類別或該方法的規格",1
同學，你沒有寫,0
是的，符合JavaDoc規範 。,1
Main class 不符合 google checks,1
Game class 被google checks 檢查出錯誤 At-clause should have a non-empty description.,1
Game.java中class的javaDoc應與前行的import隔一空行,1
註解有符合JavaDoc規範，能理解該類別或該方法的規格,1
javadoc不完整喔,1
Gesture.java 與Game.java 未寫JavaDoc,1
getIsTie函式須加上javadoc敘述及@return。compare函式須加上@return,1
Game.java中的第41、42行之間需多加一個空行，請利用CheckStyle確認。,1
Game和Gesture不符合，Game沒有依規定空格，Gesture沒有javadoc,1
很好~,0
@return 有非空說明,1
Game檔中的第42行註解，@param前應該要有前應該要有一個空行,1
compare(Gesture[] arrayPlayer)的JAVADoc要@param,1
應該使用/* 不是// 而且每個方法都該寫javadoc,1
Gesture enum沒有Javadoc,1
"Game, Gesture類別皆缺少JavaDoc。",1
沒寫到,0
輸出跟範例不一樣，範例在re-enter後還有一句enter,1
Game over.後須加上換行符號,1
一開始假如輸入3或5還是會叫我重新輸入,1
"Main.java中的第12、18、29、46、64、82、98行，每句句首字母皆須大寫，並且請在句末加上句號。局數輸入錯誤時，需輸出""Please re-enter game count.(3 or 5)""和""Please enter game count.(3 or 5)""共兩行。以上敘述可參考作業說明。
",1
"你 main method 的 if(count == 3) 跟 else 的最後，你println呼叫過一次play()，後面的if(generalGame.play(user).equals(""You win!"") || generalGame.play(user).equals(""You lose!""))又呼叫一次play()時，他會讓系統再重新生成猜拳手勢，跟使用者原本輸入的手勢，再去比較一次，導致輸出錯誤",1
"lose and win後要output gameover. 
advanced game 的使用者gesture輸入錯誤應該要重新輸入",1
猜拳的部分有錯，AdvancedGame.java 跟 GeneralGame.java 裡有自己跟自己比較的條件式,1
答案有符合題目需求,1
答案有符合題目要求,1
一開始沒有文字顯示要幾局,1
"GeneralGame.java 第7到9行會永遠為False，導致結果永遠不會有""Win""，原因是第6行的條件是""gestures[i] == temp""，若成立，到了第7~9行的if就不會成立，所以第6行應改為""if (gestures[i] != temp) {""，且Main.java第44、45行應該放在第29行for的迴圈外，也就是第46行的""}""下面，不然每次玩家輸入後，程式就會跑一次play()，但是play()應該要在玩家全部輸入完成後才執行的。第65、66行亦是如此。",1
平手應該繼續玩，而不是結束程式，且怎麼試都是平手,1
"(3 or 5)這邊多打了一個t, please enter your gesture. 不是 : 結尾, 當game tie 時, 不需重新輸入3 or 5, 而是直接重新輸入三個手勢",1
輸跟贏最後也要印出Game over,1
記得寫作業喔,1
平手後不會重來，且不管怎麼玩都是平手,1
若遊戲結果為平手則重複遊戲直到分出勝負,1
輸出跟範例不一樣，範例在[Please re-enter game count.(3 or 5)]後還有一句[Please enter game count.(3 or 5)],1
輸入及輸出結果符合要求,1
輸入及輸出符合要求,1
平手就直接結束了最後的判斷有問題,1
應該八,0
Game tie時直接結束了遊戲，題目需要直到分出勝負才能結束,1
Please re-enter game count.(3 or 5) 後面要緊跟著Please enter game count.(3 or 5),1
檔案開啟裡面除了助教他們預設的東西，沒有其他程式碼,1
輸入錯誤局數時，會多顯示一個輸入局數，建議保留重新輸入的顯示就好,1
局數如果不是3或5 會跑出re-enter 跟 enter,1
如果輸入手勢不符合，需重新輸入的話，也要能夠輸入正確count數量的手勢喔,1
沒有東西喔,0
沒有game over,1
太勇敢了哥/姊,0
"否，輸出的結果應該要沒有""""的出現以及缺少""Game over""的字樣。",1
"否，若回合輸入錯誤(不是3或5)的時候，除了""Please re-enter game count.(3 or 5)""的字樣以外，""Please enter game count.(3 or 5)""的字樣也會再一次被印出來。",1
什麼都沒有,0
"PlayGenerator.class沒有上傳上來，Main.class編譯執行會報錯(java: cannot find symbol
symbol: class PlayGenerator)",1
"若使用者贏得比賽的次數大於輸掉比賽的次數則回傳 “You win!”，不是""win""、等於則回傳 “Game tie”，不是""tie""、小於回傳 “You lose!”，不是""lose""

題目要求輸出play()的回傳結果要在Main裡，不是在AdvancedGame/GeneralGame裡",1
GeneralGame裡的play(Gesture[] user) 方法要覆寫父類別的 play 方法 ，所以method前面要加上@Override,1
1.不符合題目要求將每局比賽結果記錄下來 2.temp = newAdvanced.play(arr); 和temp = neww.play(arr);似乎是放錯位置了，如果這樣每回合皆會傳入相對應的類別中，造成電腦每回合產生不只一個隨機手勢(EX:總回合數為三的會進入GeneralGame3次，電腦總共產生9個隨機手勢) 3.generateGestureByRandom的random範圍應為三的倍數，才能夠平均分配，若範圍為1，產生paper的機率為0.34，較scissors(0.33)和stone(0.33)來的高,1
"1.舉例 result == ""Game tie""應改為result.equals(""Game tie"");
2.你的Main檔蠻多黃色警告的喔，建議可以檢查一下",1
"1.少PlayGenerator.java(已經確認好幾次了，感覺是沒有上傳成功!)
2.你的Gesture無法讀取!
",1
Didn't finish the homework,1
"The programm will error when I input 4 as game count twice.
",1
"GeneralGame.java 和 AdvancedGame.java 的共同錯誤：
在play方法中，手勢平手時，win=0是錯誤的（原因：假設要比3場，前2場使用者贏，最後一場平手，那麼比賽結果應該是使用者贏，但結果卻是回傳Game tie）

GeneralGame.java 和 AdvancedGame.java 中沒錯但可以寫得更好：
play方法中不用再建立一個GeneralGame或AdvancedGame的物件，因為你已經繼承PlayGenerator類別了，所以子類別可以直接用generateGestureByRandom方法

Main.java 錯誤1（第44行）：
手勢輸入錯誤時，之前輸入對的手勢可以繼續取用，並不是輸入錯一個就要全部重新輸入

Main.java 錯誤2（第49、52、55行）：
第49行System.out.println(general.play(input));
第52行System.out.println(advanced.play(input));
分別會和第55行
while (advanced.play(input).equals(""Game tie"") || general.play(input).equals(""Game tie""))
產生問題（原因：play方法執行了兩次，例子：執行第49行時假設結果是You win!，但52行卻是Game tie或You lose!）
",1
"GeneralGame.java 和 AdvancedGame.java 中沒錯但可以寫得更好： play方法中不用再建立一個GeneralGame或AdvancedGame的物件，因為你已經繼承PlayGenerator類別了，所以子類別可以直接用generateGestureByRandom方法 。
改善：AdvancedGame裡的play(Gesture[] user) 方法要覆寫父類別的 play 方法 ，所以method前面要加上@Override。",1
沒有符合google check style的,1
"程式並無回傳比賽結果。將回傳的結果存在字串再去判斷即可。  (小建議:可以把while裡的 ||換成 &&就不用再寫if去判斷了)
",1
GeneralGame跟AdvancedGame中如果在if else判斷裡面呼叫generateGestureByRandom() 會重複呼叫出來的值都會不一樣。,1
General game裡的 if (gestures[i] == g) 應改為if (gestures[i] != g) 才正確,1
我輸入錯誤手勢時，計數器會重新計算,1
如果猜拳手勢輸入不符合重新輸入該猜拳手勢就好，不須全部重輸。,1
平手後沒有重複遊戲直到分出勝負,1
"a.play(user) 要改成 flag = a.play(user) 不然永遠為true，且最後若已結束遊戲要印""Game over.""",1
都是空的...,0
沒東西,0
程式碼空白,1
一開始的輸入錯了兩次後，將無法跑出結果，例如連續輸入兩個4。,1
1. Game over要有句號  2. GeneralGame已經繼承PlayGenerator，不用PlayGenerator object = new PlayGenerator();  3. AdvancedGame中的play方法要覆寫@override,1
局數輸錯會輸出Please re-enter game count.(3 or 5)和Please enter game count.(3 or 5),1
我下載的檔案缺少playgenerator class 所以無法執行,1
題目要求總共只有5個，PlayGenerator應該是將原先錯誤的PlayGenerate重新命名,1
還沒好。,0
還沒寫完了,0
"如果game count 輸入5後，會多印出了""Please re-enter the gesture.""",1
輸入五次後，輸入不會截止會一直輸入下去哦,1
"(3 or 5)這邊多打了一個t, please enter your gesture. 不是 : 結尾, 當game tie 時, 不需重新輸入3 or 5, 而是直接重新輸入三個手勢, 好像沒有訂正之前的檔案耶
",1
檔案裡沒有寫東西噎,1
需在輸出的開始詢問使用者的遊戲局數,1
第一次詢問局數時沒加(3 or 5),1
平手後不會重來，且不管怎麼玩都是平手，在GeneralGame.java和AdvancedGame.java的play 方法裡要呼叫方法裡要呼叫generateGestureByRandom()，不是在Main.java裡呼叫，且Switch 块未定义 default 。[MissingSwitchDefault]，PlayGenerator.java裡generateGestureByRandom()應為Gesture型態，且要有回傳值,1
照題目所述，當遇上輸入的Gestrue不符合時，一樣要吃到之前輸入正確的Gestrue，而不是直接重算,1
Main.java的54行會強制離開while迴圈，因此平手時遊戲會直接結束，不會自動重啟,1
"AdvancedGame/GeneralGame裡的play()回傳值不符合題目要求，使用者贏得比賽的次數大於輸掉比賽的次數則回傳 “You win!”，不是""win""、等於則回傳 “Game tie”，不是""tie""、小於回傳 “You lose!”，不是""lose""   
題目要求輸出play()的回傳結果要在Main裡，不是在AdvancedGame/GeneralGame裡",1
"否，當輸出結果為""Game tie""時，會直接結束遊戲，但題目要求若遊戲結果為平手，則需重複遊戲直到分出勝負。",1
"Please re-enter the gesture 少句號
正確 -> Please re-enter the gesture.",1
牛逼 666,0
是，輸出完全符合要求,1
遊戲結束後沒有輸出 Game over.,1
"Main.java中的第12、18、29、46、64、82、98行，每句句首字母皆須大寫，並且請在句末加上句號。局數輸入錯誤時，需輸出""Please re-enter game count.(3 or 5)""和""Please enter game count.(3 or 5)""共兩行。以上敘述可參考作業說明。",1
跟上次一樣，檔案開啟裡面除了助教他們預設的東西，沒有其他程式碼,1
"還是	讚！",0
Game tie時直接結束了遊戲，題目需要直到分出勝負才能結束，且Please re-enter game count.(3 or 5) 後面要緊跟著Please enter game count.(3 or 5),1
沒有符合google check style的，而且老師說把PlayGenerate改成PlayGenerator，現在多一個PlayGenerate的file,1
好棒！,0
沒有印出勝負,1
當猜拳輸入錯誤應該是當下那一拳不算而已 而不是全部重新算,1
"局數只需輸入一次，""Game Tie""後延續之前輸入的局數再次進行即可。AdvancedGame.java中無須寫generateGestureByRandom()函式，題目要求使用繼承方法去運用PlayGenerator.java中的generateGestureByRandom()函式，請詳閱作業說明。",1
Didn't finish the homework.,1
"
Game tie 會直接結束",1
Game tie 會直接結束,1
程式在Game over後未中止,1
"	
程式在Game over後未中止",1
輸出缺少Game over.,1
尷尬 我沒看清楚助教的示意圖 拍謝,0
Please re-enter game count.(3 or 5) 後要接 Please enter game count.(3 or 5),1
輸入局數錯誤時，文字給定錯誤以及Game Tie判斷錯誤,1
拳輸入錯了只要重複輸入那個不用全部重輸平手後不用重新輸入game count,1
輸出錯誤局數時，給定文字錯誤,1
開頭無詢問局數文字,1
否，無法game over,1
Game tie要重複玩遊戲直到分出勝負,1
題目要求是該次輸入錯誤重新輸入 並不是全部重新,1
程式碼為空程式碼為空,1
沒做完,0
"無法編譯，還沒完成，且還沒checkstyle
",1
輸入4次遊戲次數會跑出re-enter跟enter這行，,1
"程式並無回傳比賽結果。將回傳的結果存在字串再去判斷即可。 
(小建議:可以把while裡的 ||換成 &&就不用再寫if去判斷了)
",1
並未上傳作業,1
不符合題目要求將每局比賽結果記錄下來,1
"General game裡的 if (gestures[i] == g) 應改為if (gestures[i] != g) 才正確
",1
"a.play(user) 要改成 flag = a.play(user) 不然永遠為true，且最後若已結束遊戲要印""Game over.""
",1
1.輸入不符合的手勢不用全部從頭重新輸入 2.平手的時候不用重新選擇遊戲局數直接重複遊戲 3.AdvancedGame中的play方法要覆寫GeneralGame中的方法@override,1
之前的錯誤沒改，可能是改完後忘記push了,1
局數輸錯要輸出Please re-enter game count.(3 or 5)和Please enter game count.(3 or 5),1
局數輸錯要輸出Please re-enter game count.(3 or 5)和Please enter game count.(3 or 5)。如果猜拳手勢輸入不符合重新輸入該猜拳手勢就好，不須全部重輸。,1
"你的""Please enter game round (3 or 5) : ""以及""Please re-enter game round (3 or 5) :""皆需要在round後面加上 count和句號，""Please re-enter yuor gesture""也要加句號(yuor改your)，在分出勝負時也要輸出""Game over""",1
並沒有寫作業，檔案全空白,1
"未改檔名 PlayGenerate.java 應為PlayGenerator.java
switch 助教有說請勿寫最新版本的寫法 造成我們的跑不動",1
"建議:
Main檔第41、77行註解掉會更精簡
第35、42行好像有點衝突喔~",1
game tie need to continue playing,1
局數輸錯要輸出Please re-enter game count.(3 or 5)和Please enter game count.(3 or 5)。GeneralGame跟AdvancedGame中如果在if else判斷裡面呼叫generateGestureByRandom() 會重複呼叫出來的值都會不一樣。,1
剪刀石頭布輸入錯誤應該是重輸剪刀石頭布不是局數,1
符合 ! 讚 !,0
"game count 輸入5後，還是會多印出了""Please re-enter the gesture.""",1
棒!,0
輸出please re-enter時，還要輸出please enter game...,1
類名不正確,1
輸入3個得遊戲的結果，贏的時候不會停止，平手不讓人再輸入一次，輸入5個得遊戲的結果，有一個結果不會顯示,1
great！,0
PlayGenerator.java 跟 GeneralGame.java 各有1個排版問題，請用check style確認,1
有些檔案沒過,1
GeneralGame.java和AdvancedGame.java，Switch 块未定义 default 。[MissingSwitchDefault],1
排版整齊且符合googlecheck標準,1
沒有東西,0
否，Main檔中的大括號與大括號間有多個空行應去除。,1
"GeneralGame.java中程式碼的格式有錯
第一行{前面應有空格
第四行for後面應有空格，{前面應有空格

",1
"import在標準格式後應有一行空行
建議打完程式時可用CTRL+ALT+L來檢查喔~",1
非常整齊， win lose 的判斷很精巧。,1
Gesture、PlayGenerator類別中皆有排版的小錯誤，可用google check確認一下。,1
"Maybe you can try to insert some newline between the code blocks, although that is unnecessary.",1
main class check style 不合,1
Main中有部分有不必要之空格或缺乏空格,1
Class PlayGenerator裡的Javadoc @return前面要有一個空行，不然CheckStyle會報錯,1
"GeneralGame.java的第4行""{""前需加一個空格，請使用CheckStyle確認。",1
程式碼為空,1
"非常整齊， win lose 的判斷很精巧。
",1
每個檔案皆未符合java google style,1
有通過checkstyle檢查,1
Main.java Google checkstyle有一項錯誤,1
變數aG不符checkStyle規定,1
enum Gesture 排版空了4格 應該空2格,1
"Main、GeneralGame、AdvancedGame
以及PlayGenerator都不符合Googlr Checkstyle",1
main裡的aG不合標準,1
命名符合標準,1
否，Main檔裡面的g3、g5、f均不符合變數命名的撰寫標準。,1
變數 aG 不符 checkstyle,1
GeneralGame neww = new GeneralGame();的neww不符合命名規則,1
符合程式撰寫標準,1
Main 裡面的變數 n 沒有進行初始化。,1
Main 裡面的 number 變數沒有初始化。,1
有些變數命名意義不明,1
generateGestureByRandom裡面的變數 computer 沒有用到。,1
gamecount -> gameCount (然後 pratice 拼錯了少個c),1
變數命名不符合規定，不能以a或comges命名,1
GeneralGame.;java中的變數xx，請使用有意義的命名。,1
main 的 out 沒初始化,1
"PlayGenerator.java裡面private Gesture computer無使用不須宣告
GeneralGame.java裡面int tie無使用不須宣告
AdvancedGame.java裡面int tie無使用不須宣告",1
"AdvancedGame.java裡面Gesture computer要初始化
GeneralGame.java裡面Gesture computer要初始化",1
comges不符合變數命名標準,1
有些變數並未初始化,1
gamecount 改為 gameCount (然後 pratice 拼錯了少個c),1
AdavancedGame中的rsltA、rsltN、comGest和GeneralGame中的arry及Main中的grnlG、plyrGest、plyrG、advcG不符合變數宣告命名標準,1
Main 的 gesture 和 result 沒有初始化,1
Main 的變數 input 沒有進行初始化,1
絕,0
是是是,0
PlayGenerater拼字錯誤應為PlayGenerator,1
沒有寫類別,1
"否
",0
"Main.java裡面的boolean judgeround應該改成judgeRound
",1
"符合Google Style規範 
",1
強,0
對對對,0
沒有寫方法,0
ggame agame g應大寫,1
PlayGenerator中的printGest和transS2G不符合命名標準，要以完整的單字組合成,1
play拼錯了,1
GeneralGame 少一個javadoc,1
Advancedgame 少一個javadoc,1
main請加上@param。PlayGenerator.java中的generateGestureByRandom函式請加上@return。,1
PlayGenerator.java 缺少 Javadoc,1
GeneralGame.java 中的 play() ，javadoc 少了 @param 傳入值的解釋 (但其他的都有加),1
很清楚,0
"GeneralGame.java 缺少 javadoc，且第1行的""PlayGenerator""與""{""之間要隔一個空格，第四行也是""for (...) {""。",1
generalGame的play少寫javadoc,1
advancedGame的play沒有javadoc,1
有一個沒寫,0
GeneralGame沒有寫java doc,1
GeneralGame.java 缺少javadoc,1
是，符合Javadoc,1
符合javadoc標準,1
public Gesture generateGestureByRandom(Gesture computer)要記得打@param computer、public String play(Gesture[] user)、public String play(Gesture[] user) 都是,1
是的，符合JavaDoc規範  。,1
AdvancedGame的play()忘記打JavaDoc了,1
"有回傳值method的JavaDoc忘記加上 @return (回傳值的解釋)
ex:PlayGenerator的generateGestureByRandom()、GeneralGame的play()",1
GeneralGame.java沒有註解,1
要記得寫java.doc喔,1
Main 以外的類別都有缺少的Javadoc。,1
有噴錯喔,0
Main有一處未寫Javadoc,1
通常大括號前面都要有空格，if 和 for 後面的括號也要有空格。,1
有回傳值method的JavaDoc忘記加上 @return (回傳值的解釋) ex:GeneralGame的play(),1
否，Main檔裡的第22、52、60行的大括號前須有空格，第52、60行if的大括號前須有空格及第52行的if小括號裡面不應該多出一個空格。,1
advancedGame的play沒寫javadoc,1
class PlayGenerator 不符合 javadoc,1
GeneralGame 缺少 JavaDoc,1
main缺少javadoc和未依照規定空格。,1
public String play(Gesture[] user)方法要寫 user是什麼還有return的東西 還有其他的方法也是,1
Gesture.java沒有寫JavaDoc,1
PlayGenerator.java的'@return' 前面應有一個空行。,1
GeneralGame中第10行和PlayGenerator中的第7行的註解應該要縮進兩格,1
並沒有寫JavaDoc,1
JavaDoc 格式正確，但是內容亂寫，並沒有讓其他人在閱讀程式碼時，更容易理解該類別或該方法的規格,1
JavaDoc位置錯誤 應在public前面 放後面不符合Google checkstyle,1
Main 以外的方法JavaDoc接放錯位置。,1
有些回傳或傳入的值沒有說明,1
酷,0
AdvanceGame 沒有javadoc,1
"Main、GeneralGame、AdvancedGame
以及PlayGenerator各有一處未寫JavaDoc",1
GeneralGame 和 PlayGenerator 類別未通過 Google Checks,1
ReadyMadeCake計算有問題，1.4x3=4.2，但輸出4.19999...,1
"否，蛋糕名稱用nextLine()才能輸入蛋糕全名，且沒有輸出全部蛋糕的name和rate
最後輸出總價格那邊可以用%f來輸出小數點",1
記得push,1
Total price of all cakes有錯，答案是4.78，但輸出4.7799...,1
input 應該自行判斷是weight 還是quantity,1
沒寫完,0
是，要求使用者輸入該物件所需資料能夠給個提示會更好。例如:輸入名稱等等,1
無告知輸入是ReadyMadeCake還是OrderCake,1
無告知輸入為OrderCake還是ReadyMadeCake，這樣遇到Int時會出錯,1
ReadyMadeCake的數量計算有誤,1
只叫我enter cake's name的話我不知道是要輸入order的或是ready的,1
只叫我輸入cake的名字我不知道是要輸入哪一個有可能是order的也可能是ready的,1
Main.java中的name、rate、weight、quantity，Cake.java中的name、rate，OrderCake.java中的weight，ReadyMadeCake.java中的quantity變數皆需初始化。,1
"Cake的建構子前面不能加void，CheckStyle會報錯 
",1
空白檔案,0
否，題目不需要將所有的蛋糕一個一個印出來，只需要印出全部蛋糕的總價即可。,1
輸出是ReadyMadeCake的Quanlity不是數量,1
"否, random的部分應為(Math.random()*2)出來的質才會是0跟1隨機出現  如果*1會出來都是0  所以根本不會跑出""Please enter cake's quantity:""  也不會進ReadyMakeCake所以""Total price and quantity of all ReadyMakeCake objects""永遠都是0.0  0 ",1
Total price and quantity of all ReadyMakeCake objects 少 : 冒號,1
"1. System.out.printf(""Total price and quantity of all ReadyMakeCake objects: "");應改為System.out.print(""Total price and quantity of all ReadyMakeCake objects: ""); ",1
程式碼無法執行  可以把Cake的public刪掉看看,1
"印出 Cake Array 中所有 Cake 物件的名稱以及倍率
使用 toString() 方法 這個沒做到喔",1
can't run,0
"是  非常好
輸入輸出都非常詳細
看起來很舒服",1
輸入及輸出符合題目要求,1
"Cake.java的成員變數name, rate 型態應是 private",1
隨機生成 OrderCake 或 ReadyMadeCake再要求使用者輸入所需資料，而非輸入全部資料後生成物件,1
要先random出蛋糕類型再要求使用者輸入相對的資料,1
沒辦法執行,0
符合! (OrderCake 裡的weight 不用提供相對應的 Accessor(Getter) 公開方法，ReadyMadeCake裡的quantity也是),1
輸入時print點東西出來,1
符合(題目沒說結果要整數，為甚麼要轉型阿 ?),1
符合(OrderCake和ReadyMadeCake不用再宣告name ，rate了),1
恩恩 非常的不錯啊,0
都答對了哦 算你厲害,0
"""隨機生成 5 個 Cake 物件並要求使用者輸入該物件所需資料，並放入 Array 中
隨機生成的物件可以是 OrderCake 或 ReadyMadeCake""這項沒符合，你要求4項全部都要輸入",1
完全沒寫,0
Main還沒有寫完,1
作業並未完成撰寫,1
rate不能輸入小數點,1
否，隨機生成的數字只有0,1
Main中同學自訂的所有cake總價之變數型態應為double而非int,1
還沒寫完，沒有checkstyle,1
我只輸入第一筆就結束了,1
程式碼不完整,1
"public ReadyMadeCake(String name, double rate, int quanity) {
    super(name, rate);
    this.quantity = quanity;
  }中的quanity應為quantity",1
題目只說要兩個成員變數提供相對應的 Accessor(Getter) 公開方法，不需要Setter,1
"1. 變數要宣告private，不是protected
2. OrderCake.java 跟 ReadyMadeCake.java都多了一個針對 name、rate做初始化的建構子",1
輸入只需依照該物件所需資料輸入，而非每次都全部輸入,1
空,0
沒有通知使用者是進入到 ordercake 還是 read my cake,1
"空
",0
沒有讀完五個資料再輸出,1
"如果蛋糕名稱含有空格，例如: 水果布丁蛋糕(Fruit(空格)pudding)，那會造成名字只讀到fruit，然後rate會讀到""pudding""，就會造成錯誤；或者是輸入像是cake(空格)1 ，會造成該蛋糕的rate無法讀取，程式直接跳過，跑去讀取weight或quanity。所以在讀取name的時候要用nextline()來避免輸入的名稱含有空格。而造成rate無法讀取的狀況則是要透過在你輸入完weight或quanity之後多加一行scan.nextLine()來避免跳過讀取的部分",1
"	
如果蛋糕名稱含有空格，例如: 水果布丁蛋糕(Fruit(空格)pudding)，那會造成名字只讀到fruit，然後rate會讀到""pudding""，就會造成錯誤；或者是輸入像是cake(空格)1 ，會造成該蛋糕的rate無法讀取，程式直接跳過，跑去讀取weight或quanity。所以在讀取name的時候要用nextline()來避免輸入的名稱含有空格。而造成rate無法讀取的狀況則是要透過在你輸入完weight或quanity之後多加一行scan.nextLine()來避免跳過讀取的部分",1
是的，符合題目要求 。,1
阿讚讚讚,0
否，題目要求印出 Cake Array 中所有 Cake 物件的名稱以及倍率，不需要將 Cake Array 中所有 Cake 物件的價格一個一個印出來，只需要印出 Cake Array 中所有 Cake 物件的總價格。,1
答案有達到題目要求,1
ReadyMadeCake的計算有錯誤,1
"	
未完成作業",1
Main.java中的name、quantity，Cake.java中的name、rate，OrderCake.java中的weight，ReadyMadeCake.java中的quantity變數皆需初始化。,1
是，輸出符合要求,1
沒有印出 Cake Array 中所有 Cake 物件的名稱以及倍率，cake的checkstyle有一項沒通過,1
應該ㄅ,0
"Main檔中第66行偵測出黃色警告，因為印出來的字串中並沒有包含%d,%s,%f,%c.....等格式化输出，所以沒有必要用到printf，使用print即可(我有上網查過了)",1
"否,跑不出readymadecake",1
main的weight應該是要用double輸入,1
"Total price of all cakes:6.460000000000001
顯然有問題",1
請輸入的文字那邊quantity打成weight,1
"1. 變數要宣告private，不是protected 
2. OrderCake.java 跟 ReadyMadeCake.java都多了一個針對 name、rate做初始化的建構子",1
已成功更改輸出toString內的結果,1
排版整齊，且有符合Google Style,1
有符合Google Style,1
"google check 要求函式要與其他行程式碼間隔一行，像是 cake.java 裡的第7行""public void setName...""，不要與前後的 ""private double rate;"" & ""public String getName()..."" 黏在一起",1
googlecheck沒用過,1
沒有排列整齊，Googlecheckstydle 出現錯誤,1
"OrderCake的排版CheckStyle會報錯，calcPrice()和{}要加空白
return 之後的getWeight() * getRate() ，*前後要加上空格
可以用ctrl+Alt+L整理排版",1
"Main.java 第74行 , 應有空格 OrderCake.java , ReadyMadeCake.java 第一行 { 前應有空格 ",1
很多東西都不符合Google check style,1
不符合Google Checkstyle標準,1
Main的Class沒辦法偵測,1
15行應改為 : Cake[] array = new Cake[5];,1
"否，Main中(74:36) ','後要空格、OrderCake(1:36) '{ ' 前要空格、ReadyMadeCake(1:40) '{ ' 前要空格",1
沒寫所以讚,0
有通過Style Check,1
阿棒棒棒,0
是的。,0
Checkstydle未通過,1
+= (運算符號)前後要空格，這邊Main檔沒空格,1
Cake.java中第12、19行前須有一個空行。ReadyMadeCake.java中第6行前須有一個空行。以上，請用CheckStyle確認。,1
"1. cake檔第12,19行少一行空行
2.ReadyMadeCake第第6行少一行空行
3.Main檔第25,36行注意黃色警告，因為印出的內容不包括％d,%c,%f.....等格式化資料，printf改為print即可",1
整齊，但會建議初始化跟迴圈之類的程式碼之間多一個換行，看起來才不會太擠,1
"整齊，但會建議初始化跟迴圈之類的程式碼之間多一個換行，看起來才不會太擠
",1
整齊，還是讚！,0
main.java裡面有一些變數不符合規定,1
變數請記得初始化,1
命名開頭不能大寫,1
"否，Cake檔裡面的name, rate，OrderCake.java裡的weight，ReadyMadeCake裡的quantity均未作初始化。",1
"否，Cake檔裡面的name, rate均未作初始化。",1
"Cake裡的name、rate要初始化
OrderCake的weight要初始化
ReadyCake的quantity要初始化",1
"Cake.java, OrderCake and readyMadeCake.java 裡的成員變數沒有初始化",1
"否，Cake檔裡面的name, rate，OrderCake.java裡的weight，ReadyMadeCake裡的quantity及Main檔裡面的name, rate, weight, quantity均未作初始化。",1
宣告的變數都沒有初始化,1
變數k要有意義的命名,1
OrderCake and readyMadeCake.java 裡的成員變數沒有初始化,1
除了MAIN檔，其他檔案中的所有變數都沒有初始化,1
Main檔以外的檔案的變數要初始化，Ex : name、rate、weight、quantity,1
total拼錯ㄌ,1
total_price命名方式錯誤,1
double型態變數初始化錯誤，應為0.0,1
類別OrderCake及ReadyMadeCake中新增的變數並未初始化,1
"Main.class 15行：
Cake array[] 宣告方式應改為 Cake[] array",1
"public ReadyMadeCake(String name, double rate, int quanity) 中的quanity拼字錯誤",1
"1.ReadyMadeCake & OrderCake 檔中的變數均無初始化
2.Ｍain檔中變數totleQuantity ＆ quantityTotlePrice ＆ totle 拼字錯誤 “total""",1
阿好好好,0
變數k要有意義的命名，我有問助教,1
Cake裡的name、rate要初始化 OrderCake的weight要初始化 ReadyCake的quantity宣告完後要要初始化,1
"Main檔中rtprice,rquantity,dtemp,itemp變數命名不符合規定",1
main函式裡的變數依舊不符合規定,1
命名都正確，但部分並未初始化,1
變數命名正確且有進行初始化,1
有些變數沒初始化,1
阿是是是,0
開頭名稱不能大寫，要利用雙駝峰命名法,1
"public void set(String str, double dou) 應該改成public Cake(String str, double dou)",1
"public abstract double calcPrice(double rate, double weight, int quantity); 括號裡不用放東西",1
阿good,0
Main的十五行有錯，多了括號,1
main裡面74行逗點後要有空格，OrderCake跟ReadtMadeCake有錯誤喔,1
Cake.java中的Cake()、calcPrice()、getName()、getRate()、toString()及OrderCake.java中的OrderCake()、CalcPrice()，以及ReadyMadeCake.java中的ReadyMadeCake()、CalcPrice()都請加上javadoc,1
Cake and readycake 建構子，return等沒有註解,1
ordercake跟readycake那邊少個javadoc,1
Cake.java中的calcPrice()、getName()、getRate()、toString()及OrderCake.java中的CalcPrice()，以及ReadyMadeCake.java中的CalcPrice()都請加上javadoc,1
沒有任何註解,1
"method的前面都要加上JavaDoc 
Class的JavaDoc要加在Class前面，不是裡面
可以用CheckStyle確認格式",1
"OrderCake.java , ReadyMadeCake.java 缺少 javadoc",1
"public void setAll(String name, double rate)忘記@param name & rate // public static void main(String[] args) + @param args // public void setQuantity(int quantity) + @param quantity",1
Cake沒寫到JavaDoc，除了Main有寫到@param，其他都沒寫到@param & @return,1
googlecheck無錯誤,1
Cake、OrderCake、ReadyMadeCake那邊的方法沒有@param 和 @return,1
OrderCake 、ReadyMadeCake 中少javadoc,1
Google checkstyle 有很多沒達到,1
none,0
並未撰寫JavaDoc,1
否，ordercake有問題,1
"有符合
",0
空白的,0
阿斯,0
符合規格,1
return前記得註解,1
public 的 return要記得註解,1
Checkstydle未通過，完全沒有註解,1
public int getQuantity() 忘記註解的@return // @return or @param 前面都要空一行,1
Cake、OrderCake、ReadyMadeCake那邊的方法沒有JavaDoc(包括：@param 和 @return,1
請補上四個檔案中所有函式的javadoc,1
過了，元旦快樂,0
符合 ! 新年快樂 !,0
